|negative|	|@whoisariston No problem
|negative|	|@greggrunberg hey you said matt was gonna go all ballistic... i was disappointed  good ep tho mostly|
|negative|	|ugh horrible ending to the sandra kantu story  prayers go out.|
|negative|	|@danielledeleasa http://twitpic.com/2y1pe - I hate 2 B allergic  i want a puppy soo bad that i've already thought some cool names|
|negative|	|Morning folks 7.00 am ..yawn! Up &amp; away to see to horses - hope Twitter is better behaved today!  Last night was a travesty|
|negative|	|@QuanDotCom I miss mine too!|
|negative|	|@AmandaEnglund Sorry to hear about your loss.     There have been many this year so far.|
|negative|	|@nicolerichie Gossip Girl was a repeat|
|negative|	|@InYourEyes2410 I reckon|
|negative|	|finding it really hard to use twitter|
|negative|	|I've been stuck in this house for two days|
|negative|	|is really sad and doesn't really know y!!??!!!|
|negative|	|@thousand_miles no|
|negative|	|Maybe one of these years I'll get a tax return.  A girl can dream
|negative|	|Back at work
|negative|	|@clarianne @Knot2serious APRIL 9TH ISN'T COMING SOON ENOUGH|
|negative|	|@hannahsix cream for his eye and he may have herpes - not ocular herpes
|negative|	|gotta repeat  whole art folio cuz old one with a whole terms work got wet|
|negative|	|I'm ready for the weekend already. It's only Monday.|
|negative|	|@lovebscott umm nope..think im an insomniac ..plus i got the flu...i'lll be sleepin like a phuckin fish outta water any minute now!|
|negative|	|has Finland sleeping for the night
|negative|	|@lunafiko can't wait to try em but prolly have to wait until next weekend at the earliest|
|negative|	|Shiner is taking up all my bed and blankets!|
|negative|	|@clarianne APRIL 9TH ISN'T COMING SOON ENOUGH|
|negative|	|wants to cry|
|negative|	|I need to go to the bank tomorrow before I go broke...|
|negative|	|This earthquake in italy has me sadden.  it's only three hours away from naples
|negative|	|i should be sleeping
|negative|	|@dragoneer Yea   I am working tp hack my server to do the 12player thing for folks|
|negative|	|has hurt her ankle!! and is going to the dr|
|negative|	|@raymondroman oh noes. how did you manage to send something to the trash can AND empty it without noticing! i feel for ya|
|negative|	|Lost my free copy of radioactive so can't put it on my ipod grr!And i can't go out + buy 'nother coz it came with that paper|
|negative|	|doing make up shit|
|negative|	|Photoshop
|negative|	|@EvilUnicorn im not on aim rn|
|negative|	|I accidentally put sugar in my food instead of salt
|negative|	|Why don't the hot guys from my gym get on my train in the morning? It's always full of dullards|
|negative|	|Another sales pitch today for a potential #surface customer. I do more sales than development these days|
|negative|	|Downloading the torrent of last night's SYTYCDA
|negative|	|Waiting for an update about my car. It's in the shop again!|
|negative|	|Bored from doing homework  What is pingping doing?|
|negative|	|The worst part about laundry is: the longer that you wait to do it
|negative|	|@ZappoMan oh
|negative|	|FUCK....I CAN'T SLEEP|
|negative|	|@reznik360 @bonbonfire another fun confab
|negative|	|is sooo proud with her bro! huhu.. he's so talentfull.. i wish i could do best like him..|
|negative|	|i'm missing my best friends. I miss our fun times together. I love you guys and i miss you so much |
|negative|	|Done with homework. Sneezing  but feeling better! 28 days|
|negative|	|Passed out last night while mum was puttin cream on my.tattoo|
|negative|	|@PrinceDavey aww no invite??  lol jk. coolness for the day off!|
|negative|	|@BobbyLy Nah gentlemen. I got class at 8AM on Wednesdays.  But thanks anyway!&lt;3|
|negative|	|@PhillyD Awe it always sucks when you cant sleep in your own bed  Hope your dad gets better he is in my prayers .|
|negative|	|Note to you all: don't go to the choclate bar @ schiphol!! it is passengers only|
|negative|	|didnt hear from my hunn today|
|negative|	|@getvisible journalists are up there with ambulance chasing lawyers in my reckoning|
|negative|	|Good morning world
|negative|	|Flo rider has sampled that blue song he messed that song up for me|
|negative|	|@devakishor Oh oh! That's sad!|
|negative|	|i had a extravagant yet time conserving plan lined up for today.......which ive now forgotten|
|negative|	|@iwouldificould How have you watched it? I tried the youtube link but it won't work!|
|negative|	|missing my boyfriend  who im on the phone with but its just not the same TWEET|
|negative|	|wont get any rudd money   for those in doubt... http://calculators.ato.gov.au/scripts/axos/axos.asp?CONTEXT=&amp;KBS=ESB.xr4&amp;go=ok|
|negative|	|@RebeccaMayne That does sound boring as hell becs|
|negative|	|is sad because there was another earthquake in italy..|
|negative|	|@wilshipley  I am sad... the Dutch localization in DL2 is bad... it's incomplete and has too many truncations...|
|negative|	|@Codylfriend - you're not sweet|
|negative|	|@disobedientgirl wonderful.. I ll be slogging at 9.. you get up at 9 eh..|
|negative|	|@MrBigglesrox hey emily you lie!!! meanie  |
|negative|	|@Pauliwhirl OMG WHINE WHINE WHINE WHINE HOUSING LOTERY IS OVER STFU I HAD TO EXPLAIN TO QIDONG THAT HE WAS FUCKED.|
|negative|	|I stayed up too late. Didn't get the design done like I wanted to|
|negative|	|Allergies playin up like mad today|
|negative|	|Planting a friend today.  Not been to a funeral in &gt;20 years.|
|negative|	|No music today. Blip.fm is undergoing maintenance|
|negative|	|@anyshalyke oh you went clubbing without me   lol next time we can do it together|
|negative|	|JUST realized im talking to no one...|
|negative|	|@jacvanek What a sad thought if it isnt!  &lt;3 CC|
|negative|	|doesn't want to go to school tomorrow. it's the last day
|negative|	|@bavster_twit u can't sip crap vodka! Nope not done #c25k got ominous knee pain - not good|
|negative|	|Off to the doctor's today emily has a rash which looks like the measles|
|negative|	|@shantelleb so has mine|
|negative|	|@Aiiane What's wrong with being an attention whore?|
|negative|	|on the coach  gonna be fun!|
|negative|	|Misses Rach already|
|negative|	|@DeiondraSanders I'm always up late. I wish I was a morning person but I'm not|
|negative|	|AHHHHHHH! Everyones doing laundry except me|
|negative|	|boxee now has Pandora. Useless to me here in Oz. Boo hoo|
|negative|	|i hurt my leg!|
|negative|	|@timvansas no
|negative|	|@seanporter thank uuu! i know i heard youre in dallas|
|negative|	|Downy weather  Where's the summer?|
|negative|	|@KarsentheSlater I'm getting pissy lately - I know I make mormon jokes at you - I'm sorry. I hear mormon jokes now and I feel bad.|
|negative|	|Also
|negative|	|Okay I'm sorry that was mean. I'm not nice|
|negative|	|Craaaaap. My Macbook Pro is kernel panicking a lot now. I think I'm going to be forced into an upgrade sooner than this summer|
|negative|	|pose ta b goin ta AZ dis week  i hope lol|
|negative|	|Well that made me sad
|negative|	|@1an3 thank you!! I have to now do it all again today|
|negative|	|Had a lovely day at the beach followed by dinner with a gorgeous lady ;) roll on the work today  Booo!|
|negative|	|@TyJaneTrev i agreee! clearly they only want attention
|negative|	|i got smoke in my eyes
|negative|	|Loves what #drupal file framework module could do
|negative|	|i feel lonely today....|
|negative|	|@hebb I wish I could go to bed...|
|negative|	|Haha my house is creepy at night!!  It creaks and stuff..scary. lol..I'm gonna go to bed.|
|negative|	|can't upload my pic|
|negative|	|ah..I hate flu..now its third day. guess what happened accidently I shaved my eye brows off. I need glasses|
|negative|	|@zackdft but i like reading the bullshit!|
|negative|	|im so confused  This SUCKS!!!!!|
|negative|	|has to study math 4 econ but isnt in the mood|
|negative|	|@MissCassandra StiLL on my &quot;Lions &amp; Tigers &amp; Bears&quot; shyt.............  but GOD is gOOd consequently
|negative|	|why do other people get replies|
|negative|	|Damn stiff neck
|negative|	|@djginaturner no le gusta house of house 5 min intro|
|negative|	|Missing the fab five|
|negative|	|@marcellariley it was a repeat tonight for Gossip Girl|
|negative|	|is losing her hubby for a week tomorrow for work.  Easter and all|
|negative|	|@HoptonHouseBnB I'm thinking of getting my old FM tuner from the garage as I'm having problems when my PC just stops playing audio|
|negative|	|i want my money from kevo to hurry up|
|negative|	|Anybody willing to help me??? I've been trying to make a sad tune on the piano for a new song but it always ends up happy and bright  ???|
|negative|	|@bursaar Good for me. I haven't gone to bed...|
|negative|	|baking oatmeal + chocolate chip cookies to make me tired.  i can't sleep|
|negative|	|and so the editing of 3000 wedding shots begins|
|negative|	|my facebook is Fucked.|
|negative|	|@KellyShibari i thought i saw you there! you were walking out the door when i saw you.|
|negative|	|@derek319 @shwe370 sweet! That was fun... Except it stretched my browser... And I was watching Twit!|
|negative|	|Ads not yet appeared  Google Adsense Team said it may delay 48 hrs on http://womenissues.info|
|negative|	|tired  i need a regular 9-5|
|negative|	|my dog is in my room SNORING!|
|negative|	|Going to sleep... hoping to wake up and tommorow will be Wednesday instead of Tuesday... I really don't want to go to work|
|negative|	|@wtfanabel nite!! I still cant go to sleep.|
|negative|	|Im such an insomniac this week|
|negative|	|@alissa_rules Basically.  I feel like I need to take better care of myself after seeing that fool.  No more juicin' for me|
|negative|	|still spitting out stitches from that bone graft|
|negative|	|hooray for the ever so reliable signalflare server|
|negative|	|Well that was a fun nights work
|negative|	|Sleepin. @skankityspence halo tonight before you leave|
|negative|	|@Schofe not off the side of the bridge I hope?|
|negative|	|watchin.. I'm not there. and missing heath ledger|
|negative|	|@Indigored_hot  sorry your day was a waste
|negative|	|@awillert  im so jealous..i want salsa
|negative|	|blip is &quot;under maintenance&quot; &amp; i'm goin' through withdrawel|
|negative|	|@MadNinjaCurl hey neighbor
|negative|	|@msJodiOdie its such a sad situation. Though 1-in-3 of us will be beaten. In US every 15 seconds &amp; 3 killed a day. It's sadly commonplace|
|negative|	|and so the editing of 3000 wedding shots begins|
|negative|	|Journalist throws shoe at Chidambaram  http://ibnlive.in.com/news/journalist-throws-shoe-at-chidambaram/89666-3.html|
|negative|	|starting to resent always being struck by creativity after midnight
|negative|	|What's the best way to eat reheated pizza I keep trying to eat this one but it's too hot and makes my mouth be in pain|
|negative|	|Nothing was sick all day it sucked im just up late cant sleep|
|negative|	|Even with the best intentions i'm late for work again|
|negative|	|@Linda_James Thank you!! I spent ages on Thursday tidying up
|negative|	| Heroes is losing it's momentum ): come on writers pick it up!!!|
|negative|	|it�s so boring|
|negative|	|is back at work...Although I wish I was back in bed...|
|negative|	|its sprained!!  so glad im on holidays|
|negative|	|Stupid bus was early  I missed it. Stupid thing  Then I missed the bus after that.  Finally got a bus
|negative|	|@MrNokill @MrNokill problem is they aren't appealing to a wide enough audience
|negative|	|@AiyerChitra Yikes! Now i have no clues what to do!|
|negative|	|I am engaged to muppet orlando and i just realised oh my god i cant marry Justin Timberlake|
|negative|	|gosh it`t 9:39 am and i am soooo tired &quot;yawn&quot; i want to go back to sleep but i can`t|
|negative|	|On the train sans Guardian|
|negative|	|Made it into DC on Saturday afternoon after 17 hours in air and am now in South FL...jetlag 
|negative|	|@kel_marshall tell me about it
|negative|	|is hoping the posty delivers my pink tickets|
|negative|	|@rustyrockets do I sense a blog coming on?  Too bad I have to leave in like 10 mins   xxx|
|negative|	|The house is one big mess. Everything is crammed in my bedroom while they do up the other rooms|
|negative|	|Not liking being back at work this morning|
|negative|	|Argh
|negative|	|Feeling really really ill|
|negative|	|Blazing row with boy. Tantrums all round. Missed train and now standing on platform feeling guilty|
|negative|	|Don't have any hot water....|
|negative|	|@eNiBeNi lol im sorry! love ya! stupid dating coach that makes me feel self-conscious about my hair|
|negative|	|@joenoia wass up lovely i anit show you no love yet...|
|negative|	|Worst dream ever
|negative|	|pfff i want to go back to bed i feel horrible today|
|negative|	|I also want Easter Break / P�sklov!|
|negative|	|can't sleep and dunno why!|
|negative|	|Biking is hard ya'll|
|negative|	|@dougiemcfly morning  i'm really upset  my rabbit ran away last night  and the postman woke me up early  reply? ilu x.|
|negative|	|off to the drs its too early|
|negative|	|man my internet is slow atm|
|negative|	|is looking at the gray sky. The sun has been stolen again|
|negative|	|has a very painful shoulder this morning|
|negative|	|4.52 am ... I'm 2 tired 2 think!!!!... Peace out!!!!... M... 5564583833755523.... 811...|
|negative|	|i will say it out loud - i miss you a-hole and your answers to my iPhone questions. now who will help me upgrade to 3.0?|
|negative|	|My heart is abused with so many hurtful lies
|negative|	|so. fucking. bored. of. work|
|negative|	|Landed funny on my foot this morning while jumping down the stairs and I twisted it. Quite sore now..|
|negative|	|in a taxi on the way to get pizza. bad traffic and headache. worst.|
|negative|	|@XombieXS Of course. What aren't they remaking?    At least with Haley
|negative|	|I had a migraine and now I can't sleep. boo |
|negative|	|For some reason
|negative|	|Prodigy were ace last night! Only managed a few hours sleep last night
|negative|	|has realised that this time it might actually be final|
|negative|	|having a horrible headache day and nose bleeding...awful feeling|
|negative|	|just found that if I use Windows 7 to browse twitter.com
|negative|	|Back to work with a bump!  The long weekend is definitely over|
|negative|	|Curses
|negative|	|My heart is abused with so many hurtful lies and truths. I hate being sappy about these kind of things. I hate it  Gold for syf
|negative|	|ias awake
|negative|	|im lonely  keep me company! 22 female
|negative|	|in Genting now! But I now at gohtong jaya using com...|
|negative|	|@vishal_ud yeah got no choice.. 5am not to study.. 5 am to reach class on time for the paper   hows eco treating you?|
|negative|	|@SLotH13 isliye call nahi kiya baad me..thinking ki ab to tu movie dekh raha hoga|
|negative|	|gloomy weather...again|
|negative|	|*sigh... gonna take a while to find all the files  argh|
|negative|	|is sad that the march break is over|
|negative|	|@mileycyrus AWWW u seriously have the cutest dog Miley! Sorry your not with her now  Hope u get some sleep! xoxo|
|negative|	|QR + Veolia FAIL! Translink
|negative|	|@crackcouture wow! that sounds fun! nah just going to melbourne for a couple of days unfortunately|
|negative|	|has tonsilitis on my birthday|
|negative|	|@jeffkang greeeeat but now i ate all my hard work away|
|negative|	|@EllenDeG ellen......... Do my messages not get to you.......  if you didn't notice i'm sad. I try so hard to communicate wif u|
|negative|	|Observe &amp; Report was premiering at the Chinese Theater I was driving by slowly but only saw the reporters &amp; red carpet
|negative|	|Tried with smsjunction.com.. but got ODBC Driver errors. |
|negative|	|@Ch0en huh?? Like what?? I didnt know?|
|negative|	|I had plans today
|negative|	|Just heard Eminem's new single. It's official. He fell off. : Just heard Eminem's new single. It's official. He fell off.|
|negative|	|A bit under the weather the last coupla days -- workouts have been low in energy.|
|negative|	|It's a nice day for once and Chibi and I are stuck at home waiting for a parcel|
|negative|	|@OfficialRandL where's the update? or have i missed something|
|negative|	|@ellisonrox awwww  but she will be on tomorrow @ 4. i will still watch her show even though you guys persecute me. are you far away?|
|negative|	|its the holidays and i still bloody insist on waking up at school times|
|negative|	|Finger hurts
|negative|	|i fell tired
|negative|	|is missing her roo and totally ready to be over this stupid sickness....arghhh|
|negative|	|@icedcoffee they end up back as read only ... and still the error persists. I cant add anything to the library now   so cant update my ...|
|negative|	|@DelicatelyReal  I feel your pain|
|negative|	|I NEED to post a video!!!!  But I'm stuck...|
|negative|	|@nixpineda I miss youuu.|
|negative|	|penalty scored at Tynecastle. Still got beat though!|
|negative|	|@duncn Revision
|negative|	|Nobody likes Leatherhead.|
|negative|	|okay bbs &lt;3 does anyone know where i can get info on how night clubs in L.A. cost? i wanna rent one out next year please  I'll invite yall|
|negative|	|has got combined ear and toothache and wants to rip her face off.  *stamps foot*|
|negative|	|@laratron alas
|negative|	|I don't think I like the Saw ride at Thorpe Park. The tv ad makes me feel sick
|negative|	|just joined twitter and doesnt know anyone yet...|
|negative|	|pfff
|negative|	|is wishing he loved me|
|negative|	|@heidimontag The Hills episodes were so sad   PS. LOVE your name|
|negative|	|Watching DJ Emir battle his computer for supreme ruler of the studio.  I think the computer is winning|
|negative|	|&quot;Flight of the Conchords&quot; suddenly disappeared from Spotify|
|negative|	|Kids up at the crack of dawn... I'm still full of cold. Bleh  Starting work... #stuckrecord|
|negative|	|Naar Haddow. Racket mee! Wahey|
|negative|	|@breonna  why not saturday??|
|negative|	|For some reason I can't explain
|negative|	|@marleyuk I think you spoke too soon - big black rain cloud charging towards town now|
|negative|	|and i didnt end up seeing it  bumma...some ppl are being a pain|
|negative|	|is with the flu...|
|negative|	|isnt there any way we could update twitter through our cellphones|
|negative|	|@vindiekins Aww
|negative|	|@krist0ph3r thats damn sad   hope things will be fine after gud lunch...|
|negative|	|@sinktoswim
|negative|	|just enabled ActiveSync on my Google Apps account
|negative|	|in LOveeee &lt;3 and it hurts|
|negative|	|I hate being away from her... I cant sleep alone anymore|
|negative|	|Depressed. Our new app's Alpha 0.0.10 is now even more complex than our last app's version 9.5. I long for those  small dev teams days. |
|negative|	|Currently watching &quot;Roommates&quot;. I miss the NYC!!!|
|negative|	|needs a hug|
|negative|	|Back at the office -     still only 3 days until another long weekend...|
|negative|	|@MsTyraC lol yea I thought about tht ..sowey  but thnx I have some rod ones sitting around&quot; orange my fav color just didn't kno how 2 use|
|negative|	|Feeling blue...And almost everybody says that my jokes are bad.|
|negative|	|waiting
|negative|	|hate being here|
|negative|	|@therealswizzz i guess graphic art didn't make the cut
|negative|	|may hold off on hawk. Getting a job first might be a better idea... But i want it.|
|negative|	|@jvmediadesign I have pic of bucket kitty!! but
|negative|	|http://twitpic.com/2y65i - Snow
|negative|	|@BonnieBix controlling own life not possible uni after graduation
|negative|	|having a major head ache!!!!  this sucks men! arrrrrrrg!|
|negative|	|@mileycyrus http://twitpic.com/2xszg - Napping? At this point you may need a few of those. GMA is gonna come early.|
|negative|	|yes it is  and i got ripped off do not shop at WOW. !!!|
|negative|	|Slept badly.  Still feel like hell
|negative|	|At work
|negative|	|its already 1 in the a.m. I need to sleep
|negative|	|Beeeaaach.|
|negative|	|What a bad day! Need comfort drink - sipping on a mocha frap here at Starbucks with Tricia. So tired|
|negative|	|What a day! So busy
|negative|	|Has just realised he works with a bunch of racists.|
|negative|	|@gerrycoe Hi Gerry
|negative|	|Tweet4Today: &quot;Have a limbo party while you are still supple enough to get under that bar&quot; .... Still???|
|negative|	|@yayfuckbuddies what? I would!  And me horny too|
|negative|	|im hungryyyy   need more sushi|
|negative|	|I really wish I had not bought the camera-less E62 that day when my 6680 went dead. I miss photographing little things. dSLR is too bulky|
|negative|	|@arhh_ I think I�ll end up going alone  But I will see it at some point...|
|negative|	|@skoop but those cause RSI too  RSI guides always tell to use two hands for shortcuts... Ah well
|negative|	|is probably sick. FFS.|
|negative|	|is poorly sick|
|negative|	|bad day|
|negative|	|bad person|
|negative|	| the weather is bad today|
|negative|	|Bad Mood|
|negative|	|@corienb Kutner's gone?? Really have to see the new episodes
|negative|	|goodnight nobody
|negative|	|Darn! Forgot that tonight's shoot was postponed. Will be at a loose end now!&quot; |
|negative|	|Amazon mp3 downloads down to 29p So much for my 10%  Cheers @jodiedoubleday http://tinyurl.com/dg5qtg|
|negative|	|@LadyLDN I hope you feel better soon  Being ill is no fun at all.|
|negative|	|is finally home after a shitty day at work doing floorset......|
|negative|	|maybe an insomniac.. or just nocturnal|
|negative|	|@eliteforce - I have been told by friends that constantly circle the globe that the flight from the UK to downunder is the worst ever!|
|negative|	|In a queue for a ticket at Phantasialand. Looks busy
|negative|	|@cherrytreerec oh man
|negative|	|Tryin to take a nap. I can't sleep!!|
|negative|	|@bivancamp Did you update iTunes to the new version b4 you lost it? New software update killed my ipod.|
|positive|	|@zukyleigh. That...was beautiful. Please madam..give us some more!|
|positive|	|@JMAC777 i like how you real mature bout it. nd they not ya average abc rhymes|
|positive|	|@LuvDaMall yes
|positive|	|@ArfanChaudhry  Candles are not ment for a specific gender. Im telling u. U gotta be open to things of life. Don't matter what it is.|
|positive|	|@RoyalGuardofOz Thanks hun  *hugs*|
|positive|	|Morning all. Tuesday....  another two days till long weekend|
|positive|	|@emflip we need tweetbook. everyone is on facebook and no one will read my twitters!|
|positive|	|@Mike_Greening .Man - you need to get back on the horse.|
|positive|	|ah...another day done...time for bed
|positive|	|@Malunis Ohh! Classics Armada. I'd want the Seekers in that series
|positive|	|@TerryFree Yes unfortunately
|positive|	|@ElementsOfJazz Good question
|positive|	|@steeltrain that's awesome you guys!!!  support|
|positive|	|@knitster totally need to be! Everything breaks or aches too much. Need a new body!|
|positive|	|@loveistoartas I love that movie.|
|positive|	|Is writing a new song  so sleepy tho! LOL|
|positive|	|Ok now I am REALLY going 2 bed  Night Tweeps|
|positive|	|Check out my Blog! LIVE VIDEOS!!!!!!!: The day has come  We got the live videos back from Da.. http://tinyurl.com/chkdxb|
|positive|	|@hellivina I second that.|
|positive|	|Hey check out my new blog
|positive|	|@baker_girl Hmmm
|positive|	|@laurange You better believe it  Don't panic! There's still time!|
|positive|	|Another fun time that was worth staying up late on a work night for. Besides
|positive|	|@Jen_Huckdoll I'm headed to bed soon. Maybe.  I miss my west coast time zone days.|
|positive|	|@ellie1971 *LOL* ... I think this is impossible. Unfortunately!  I wish you having a nice and deep sleep with many beautiful dreams! CU|
|positive|	|Time for breakfast and then off to work. Going to visit a musical tonight. Looking forward to that|
|positive|	|has a new bike   Happy days!|
|positive|	|So just started
|positive|	|   man
|positive|	|watching star world|
|positive|	|@heidimontag it was really good...|
|positive|	|@KinokuniyaAust YAYYY! I shall have to buy when I come for the City of Glass bookclub thing|
|positive|	| &quot;I'm a freelance writer for Braille porn and a stunt double for a hand model for Palmolive dishwashing liquid.&quot; [from @ShinyHappyHead]|
|positive|	|@jaredleto At the time
|positive|	|Dear magic cleaning fairies--please come to my house tonight so I will wake up to a pretty home|
|positive|	|&quot;Women produce a bonding hormone at the point of climax that causes them to want to cuddle&quot; http://tr.im/imqg - FUN read! tnx @imarriage!|
|positive|	|today was a good day
|positive|	|is eating frozen grapes
|positive|	|@M2ThaK Lmao ...5$ footlong ...yOu're retarded|
|positive|	|@MistressDragon Ah it's ok
|positive|	|@Hibernia1 *hugs*  No need to be sorry
|positive|	|@veronica78 I saw that before it got changed. HOT.|
|positive|	|@contactnaveen i cant begin to tell you how much i hate IE|
|positive|	|all done   time for bed.  buenas noches!!|
|positive|	|I wanna get stonded and watch this movie again|
|positive|	|@Hetty4Christ yeah
|positive|	|we're growing grass this easter
|positive|	|@jreneebuchholz I will have to try that sometime. I like Greek food..uh
|positive|	|Having a pleasant convo with my momma boutr hurting people  lol|
|positive|	|@danseto Roger that
|positive|	|woo cubs are 1-0! |
|positive|	|sleepy time  see u in the A.M.|
|positive|	|I am at work.....going shopping soon|
|positive|	|@h4nn4hhh yes i am
|positive|	|two new hurley shirts today  jealous?|
|positive|	|@justis likewise|
|positive|	|@nicnina www.tolicesdoorkut.com e ria um pouco|
|positive|	|@bumbers Even though this will be my 3rd SlingPlayer Mobile
|positive|	|hmm
|positive|	|and watching Leon....|
|positive|	|@maxxiecat you joined twitter to make me happy  besides
|positive|	|@saad_83 thanks u too|
|positive|	|@blackehart Gratz on the film! Very awesome!  Favorite Nazi? Oskar Schindler.|
|positive|	|@EivindJ I wish my dentist told me that.|
|positive|	|Good sense won. Squeaky clean and off to dream. Goodnight|
|positive|	|@shemah hey Shem
|positive|	|herbal essence  smells so good|
|positive|	|@FRESHselects haha..okay!|
|positive|	|@MelanieMerkosky  heres a link to a blog post i made about how to sign up for you and angel http://babyboxes.livejournal.com/123900.html|
|positive|	|@googeegoo that works  What would you like to do?|
|positive|	|@edlectronic i love me some ladytron|
|positive|	|@skinnylatte Hiya Chutney Mary
|positive|	|@nicolerichie Yes i remember
|positive|	|Good morning beautiful people  - coffee &amp; sun ...|
|positive|	|Still tryna figure out Twitter. I thought I had it but hold on for me guys|
|positive|	|Finally going to bed..|
|positive|	|who wants to go see Matthew Broderick on Broadway with me?! seriously!!!|
|positive|	|can't wait for the Hannah Montana Movie.|
|positive|	|@vivalanina check out our site for long distance relationship support!   http://www.lovingfromadistance.com/thingsforldrcouplestodo.html|
|positive|	|@koriannespeaks  your blog is like an addiction for me.|
|positive|	|Good Morning Twitters!  Do You have a Trouble Tree? This man does  http://bit.ly/Jsxm|
|positive|	|good night swetdreamss to everyonee   and jared never chat in kyte puff|
|positive|	|changing from bhs a1 hl to a1 sl|
|positive|	|Deciding if I should call it a night and wake up early to get into the studio. Or if I should just go all night. I like going all night|
|positive|	|http://www.last.fm/music/Noise+Boy All Noise Boy music is free until the 24th of May. It will be no worse than worth what you pay|
|positive|	|is learning to Tango with D|
|positive|	|kisha they cnt get over u til they get out frm under u just remember ur on top|
|positive|	|@decryption Two words for you: 'Physical Challenge!'|
|positive|	|http://twitpic.com/2y4g4 - On the red carpet. Oh yeah.|
|positive|	|@RRankinWalker i would LOVE to be in California!|
|positive|	|@cashless lol @ go away...booo doesnt mean it wasnt a date cuz it was her  *jokes*|
|positive|	|@almostsurprised yes sure did|
|positive|	|@CaTaxRevolt The nice thing about being clean and sober is that no one can accuse you of thinking like an alcoholic or a drug addict.|
|positive|	|Horray!! I've been accepted into the Bazaar Bizarre Maker Faire 2009!! With 50% of accepted vendors being NEW to BazBiz
|positive|	|@twliciousness  @Moltz Today Hank learned the painful lesson all boys have to learn about t.. http://tinyurl.com/c6nmgq|
|positive|	|Better then what I thought
|positive|	|@PhillyD hope he's doing better. best reguards and get well wishes.|
|positive|	|@phatelara morning debbs webbs!!  Hope you had a nice sleep!|
|positive|	|sleepover with Corey and Korey.|
|positive|	|Yay
|positive|	|@middleclassgirl makes it all feel worthwhile doesn't it?  though today
|positive|	|Re-installing KOTOR 1. Intending to finish it this time.|
|positive|	|About to jump in the shower. Washing away all the bad thoughts
|positive|	|@nicolerichie Yes i remember that band
|positive|	|@thebigfelafel Oh
|positive|	|I have soo much to share about Rossi
|positive|	|@cornbreadturner enjoy the milk  #gotmilk|
|positive|	|I saw Natasha today and it made me so happy.|
|positive|	|is at Moffitt Library with Ate Golda and Kuya Rosauro  iChat with Ate Golda = So much for studying -_-|
|positive|	|lmao i forgot to twitter when i was done with my DBQ ! haha i was too excited at the moment|
|positive|	|@realchrissystar Yes
|positive|	|@LauralKGW It wouldn't be Easter in the Portland area if there wasn't rain.  I have 18 years of experience in it.|
|positive|	|@derangedangel cheer up its our birthday soon|
|positive|	|@lordshaper baited breath
|positive|	|Getting ready for work and feel fresher than yesterday|
|positive|	|@BuzzEdition  nite you|
|positive|	|@DirtySoufYankee I'll more than likely be up because I have no desire to sleep right now and I just made a fresh batch of koolaid  yummy.|
|positive|	|@munche yay for following me!  I'll try me best to entertain the shit out of you via twitter|
|positive|	|@ThomasGudgeon really! awesome  just downloaded a mp3 track
|positive|	|@Kal_Penn Congratulation! But I will miss Kutner so much
|positive|	|poker is addictive  VERY!|
|positive|	|oh BTW - bought Mediatemple (mt) thanks to all for referrals..|
|positive|	|@phatelara hi Debbs!|
|positive|	|@djgreatscott ill git on dov to hookitUPPPP!!!!!!! thanks so much 4 sayin hey!|
|positive|	|@EvanKirkendall question! if you could get anything from australia as a present .. what would that be?|
|positive|	|@FoxWhisperer that's cute! If you find an LS4
|positive|	|@masterballerina  Yep.  i like it here... better than i thought i would... Probably because of @ECull1901|
|positive|	|@creativejenius long story man!! ill tell u one day when we have more time to talk  :[|
|positive|	|@Rachel_New  Well
|positive|	|@teknetia thanks!!|
|positive|	|I love LUSH products......they're products smell and feel so good|
|positive|	|A jar of jif and a spoon is all I need|
|positive|	|@TomFelton hmm didn't find much on Challens or I just didn't look enough. My musical idol Is Elton John. Listening to him now!!!!!|
|positive|	|today felt like another fricken day out in the battlefield. but i definitely won the war this day. luv ya my frenz|
|positive|	|@GeneTheFotog  ya i'll be in hk for 3 months  but 21 is not big there. o well
|positive|	|@jfreem94 got a grade of 96.8/100 on @grader.  Check it out:  http://twitter.grader.com/jfreem94. Twitter fun!|
|positive|	|Woohoo auto hide of the dock for the win! Now I can play WoW and twitter without opening something else by accident!|
|positive|	|@elizabethkle I like that quotation! So true. Miss you housie! Hope you're doing well|
|positive|	|Cherry blossoms are sooo beautiful.  I love spring.|
|positive|	|It's so sunny and happy today|
|positive|	|@micresendo3000 I suck at math but I understand sex really well -- this is the sort of mental image that is useful|
|positive|	|@ElaineGiles LOL 3 is enough
|positive|	|Over here in Germany we have no Crisis
|positive|	|Well heading to bed early since I'm heading to the mall in the AM. Good night tweeps!|
|positive|	|@iamdiddy good job! yeah i feel you. working out can be annoying sometimes but its definitely worth it in the end|
|positive|	|@TheNewsChick u are a true fan (and optimist). i'll take a winning season   #Mariners|
|positive|	|I'm still at work pricing some items
|positive|	|@xjizzlebabix Can you HEAR me now?  http://snipr.com/fe6zu|
|positive|	|Hi @DaveJMatthews ! Greeting from Poland
|positive|	|@ingridmusic I can't wait! I'll def. come out to see you when you come to Portland|
|positive|	|By the way
|positive|	|@xxdrew0590 did you get my voicemail?  haha. i was bored.|
|positive|	|ICE 72331 to Berlin - quite relaxed atmosphere on board. We're all waiting for the free inclusive service on this train|
|positive|	|Updating my grandmother's computer. Always fun stuff.|
|positive|	|Sitting at his mom's work.  Craving tea.|
|positive|	|I personally feel that the school needs to be a little more helpful to innocent kids like us.|
|positive|	|@nicolerichie  I remember Anne of Green Gables - My sister and I used to watch it when we were younger!|
|positive|	|@lanaclevermomme: Thanks hon. I've already received a few nasty grams. But that's okay. I knew it would happen.|
|positive|	|@ientje89 aw i'm fine too thanks! yeah i miss you so much on the MFC  but hope we can talk later on today  kisses :huglove:|
|positive|	|Wondering why Twitter had the arse with me last night. Bizarro!  xx|
|positive|	|Good morning everyone!  It's a sunny day here!|
|positive|	|@Aaronshale cheers bruv! We've been delayed so spending a day in Houston. 2nd pint of the morning!|
|positive|	|HEY GUYS EVERYONE ADD @MattWayneCeleb please and thank you|
|positive|	|@MommyBrain Safe travels and congrats on the new move|
|positive|	|@idjd i LOVE the hills
|positive|	|@maxandcats there was an avvie of me but this is bunny week! my pic returns on Monday|
|positive|	|@colinsteers http://twitpic.com/2vzw6 - Look who's half naked... again|
|positive|	|Latest blog post (repeat transmission for my American &amp; Canadian friends). Hope you dig! http://bit.ly/13vpz|
|positive|	|@photojack I like audio podcasts. I listen while driving and walking (exercise). And lets face it - some people don't belong on video.|
|positive|	|Really enjoying my DSi. Will update pics
|positive|	|Sleeeepin. Gotta rest up to finish painting|
|positive|	|@brandonjshaw alex has a problem staying awake for any movie...|
|positive|	|is twittering at uni|
|positive|	|@gary_hitchman thanks.|
|positive|	|@Pesamob i was in Kenya when i was 11 years old
|positive|	|Hi @DaveJMatthews ! Greetings from Poland
|positive|	|Getting ready for BED. A Super long day ahead. Tax
|positive|	|waiting for the pizza to bakee|
|positive|	|@hihik DVD is fine. Stay tuned on the channel: more updates are coming soon|
|positive|	|@brandiei thanks! Finally something that I can smile about|
|positive|	|@matswife Yes you do have followers...12 of them! That's gotten at least one person into serious trouble|
|positive|	|@MrYoungHarlem  getting splashy I see|
|positive|	|@JPierce Yeah
|positive|	|@RayWJohnson ha ha ha! I bet you do!|
|positive|	|OK..only 2 more hours left...and nobody died or got shot tonight! phewww!!! good night's work
|positive|	|@valorandvellum sadly after 10 years of marraige peeing with the door open is common place|
|positive|	|tea and the tonight show  .. say hello to john melendez
|positive|	|@GoldenShoes hi  just found out I have pcos. Tired of doctors in the las vegas area.|
|positive|	|Yeah for sure... It's happening at the Bells Billabong Store this Saturday from around 4-6.... maybe later if the contest runs|
|positive|	|OH
|positive|	|A three day week! Oh
|positive|	|On train to Star #Trek movie premiere with my golden entry ticket to &quot;A Reserve Circle&quot;|
|positive|	|@jjchicken You've done better than me. I gave up on the readings and watching the news in week four.|
|positive|	|@Schofe morning Philip  what a pain!!   ahem!!|
|positive|	|I just joined my first ever Battle over at BOTB
|positive|	|@jakechew ang ganda nga ng mr. intentional|
|positive|	|@colourfulmoney nothin layin in bed watchin tv  what u doin|
|positive|	|Good Morning TwitEarth!|
|positive|	|@EdwardLawrence different time zones or way too much coffee.|
|positive|	|@musicthelev owww
|positive|	|@musicaddikt787 its good for you crystal!|
|positive|	|just posted a blog on being single... go check it out yo |
|positive|	|Totally in awe of Firebug for Firefox. Wow.. now that is a cool tool|
|positive|	|Paddington! Is *so* nearly home|
|positive|	|@andy065 podcasts are on my laptop|
|positive|	|@dileno You need to straighten up your gaming! More gaming equals more happiness|
|positive|	|Sleep. Then AT&amp;T in the morning. Oh the sweet smell of the boys of summer.|
|positive|	|I'm on a boat|
|positive|	|@Tammzy I hate those shows
|positive|	|@carmanuals @DoItYourselfs @Electricity101 I see your M.O. there  #rofl|
|positive|	|@larry_david your material is inventive
|positive|	|@fakeACLU it sure is  and I love that on PeopleBrowsr I have no columns limit and my groups and settings are saved in the cloud.|
|positive|	|Now on twitter! How fun!|
|positive|	|*honestly* jus went to a random page on Myspace &amp; they had my song on their profile!  that shit was random but jus makes me work harder!|
|positive|	|@malcolli who doesn't love fuzzy crits?|
|positive|	|@godsgirlsCAM read and put a question in there for ya  but of course.|
|positive|	|I'm such a happy girly. I think that means it's time for candy. Joy! Fun! Love! Smile!|
|positive|	|@nicolerichie yep. Had their CD back. Still remember the cover - horribly early 90's! Had all the Anne of Green Gables books too. |
|positive|	|Let me pre-empt the inevitable &quot;When a man is tired of GH he is tired of life&quot; comment by saying I'm just tired
|positive|	|@BittersweetBaby I love target too  hiii nicole!|
|positive|	|@ThePrinceBeMe : hm 
|positive|	|3. Just kidding! I won't spam y'all anymore.|
|positive|	|@sarahatwood you're welcome for K-ROD!   #openingday|
|positive|	|Watching funny TV show clips on Hulu.com |
|positive|	|@InnaLA_RE Is my way the right way? Yes. Is it the only &quot;right way&quot;? Um
|positive|	|@Steve_Buscemi I'll feed you for life is you say my cookies are the best.|
|positive|	|Posting a new vid.. nothing to do with weight loss just felt like vlogging..|
|positive|	|@Alleycat24 Goodnight|
|positive|	|@paulmonkey yes has all the sugar and salt to rehydrate you quickly|
|positive|	|@Bluegrass_IT That's a very good question - don't know how I did it  - I could make a few guesses
|positive|	|bars on Monday = awesome. |
|positive|	|http://twitpic.com/2y4ky - Cute shirt from @threadless|
|positive|	|good morning @mariaandros i like that song too.. im praying now|
|positive|	|@nicolerichie Opps I meant &quot;summer vacation&quot; I had the cassette tape|
|positive|	|@maymaym My #kfanyc is not up because I do not have server space.  Will fix that in May.  Everything can happen in May.|
|positive|	|packing another order for a NEW retailer|
|positive|	|@snufsnuf I'm living in penang
|positive|	|@tmere good to see your info on ED...|
|positive|	|@JayJayKlees Well
|positive|	|Going to bed after this show goes off.  lifes pretty grand.|
|positive|	|Anybody in Atlanta hiring if you are looking for IT pro in Networking
|positive|	|@bejithebear hey there..so cool to hear about the focus group...i am signed up for wed
|positive|	|Trying To Figure Out This Twitter Thing|
|positive|	|@ingridmusic infatuated with twitter... like me. Too bad I don't have many followers. You should listen to a recording I've done|
|positive|	|TweetDeck supports ??????|
|positive|	|@Ramoso Hihi I love it! Drinking Red Bull in the morning |
|positive|	|inducted the new FLOfficers tonight|
|positive|	|@acmaster27 haha yes
|positive|	|HEY GUYS EVERYONE ADD @MattWayneCeleb please and thank you|
|positive|	|looooooong day ahead! another sunny day|
|positive|	|@cheekipoo Don't let that stop you coming along|
|positive|	|Gooooooooood Morning Twitterville. I wonder what today will bring and which song I'll have stuck in my head most of the day|
|positive|	|@AdamCSmith RE: your french word. sorry
|positive|	|I like saving money|
|positive|	|@franceskim thanks i had a lot of fun...vegas is always a good time for me|
|positive|	|Is quite pleased that the weather forecast for Cyprus looks so good - not like turkey last year!! Mmmmm... Sunshine!!|
|positive|	|Big thanks to Brenton for my workouts! He's kicking my butt into shape! Hello bikini body.|
|positive|	|Ava has just taken me for a short walk to the shop
|positive|	|laying in bed. I have high hopes. it's going to be good.  God is GOOD !!!|
|positive|	|Wohoooo! Wilco is coming to Pukkelpop?? Do you think I can invite them for a good coffee at my house  ?|
|positive|	|Just typed up massive trench warfare plans for the defense of the Papal States in 1983. &lt;3 forum-based geopolitical wargames.|
|positive|	|@airplanemancf you are so right  thanks for that. Always nice to have some positive people around!|
|positive|	|@NicoleVilareal heyy yess  whats up dude!?|
|positive|	|@shemah @anefallarme Awesome! I'll try to chop!|
|positive|	|Feeling a bit better this morning - J let us lie in until 7:30 which was nice but means I am now rushing to get into work|
|positive|	|@scrivener Afterwards
|positive|	|@swirlyarts Thanks for featuring me on Cuteable yesterday|
|positive|	|excited about mi promisin future I need a spiritual cleanse. I'm prayin then its off to bed  night twittheads!|
|positive|	|sooo freaking tired. glad it's almost the break soo i can sleep in! cant wait to head to weyburn after easter.|
|positive|	|@KnitLuck I have crocheted washcloths in my store - afghanartistry|
|positive|	|I suddenly have the urge to watch Karate Kid and catch flies with chopsticks. Must be time to eat oriental.|
|positive|	|Mmmmm wings  http://twitpic.com/2y4o6|
|positive|	|@moonfrye I find your tweets are extraordinarily and consistently positive. Given my own last tweet
|positive|	|@kyleandjackieo GOD! send ME some of your clothing that you don't want.. hangbags too please! anything! ill cherish it|
|positive|	|@Clamson NOOOOOOOOO!!! As cool as Iron Man is
|positive|	|I am wearing my ski socks  nice &amp; warm.|
|positive|	|@ihatecrayons aww that sucks! Glad that put you in a better mood!|
|positive|	|@joytribble you know i'm LMAO at you right now right?  LOL|
|positive|	|@maikeru76 have a great day/night!!!!|
|positive|	|Trying to find more friends to join twitter|
|positive|	|Morning Everyone|
|positive|	|@JaylaStarr &quot;drinking the drugs&quot; is a line from a movie I was just kiddin with yah girl!   http://bit.ly/kyDjD watch @ 2:20 u'll get it ;)|
|positive|	|Re-reading @megcabot's Avalon High for the nnnntttttthh time!|
|positive|	|@misschuchu Mimi!! hi   i love your pic u look good|
|positive|	|Wow...awesome night! Posted my first website!  Small steps
|positive|	|@nathanrdotca I think if I click the word &quot;reply&quot; it gives me a new window of what you're replying to. I'll do that now.|
|positive|	|@kitty_stiletto all done - check your blog|
|positive|	|@mominisrael We know all about crazy bloggers|
|positive|	|@ModelMandyLynn My current favourites are Life
|positive|	|@Schofe Hopefully it won't stop you getting to the studio on time. although you could always do a Terry Wogan and broadcast from your car|
|positive|	|@aidenchan yeah sure but its my sister's so take EXTRA gd care|
|positive|	|Trying 'xDancer' App By Samir on my cell. Lol! Its seriously fun. Using it on a walk with my Mom. Have to keep moving to hear the music|
|positive|	|hope tomorrow is a nice day|
|positive|	|@e_tay
|positive|	|goodnight everyone|
|positive|	|All going according to plan. ...Oh
|positive|	|@EvilTwinBrian Suckered Phil or Larry into the #Sci-Five? Did you guys get a pick-up game going over at the office today?|
|positive|	|Because of @Kells1 I've been singing &quot;I'm a little teapot...&quot; for days now.|
|positive|	|@kannibal How's your holy week coming along? Hope I'm not bothering you but do you think we can get the froulala cards this week?|
|positive|	|#iphone #spotify I'm now able to run spotify on my iPhone
|positive|	|For your info
|positive|	|Another sunny day here in the south of the netherlands|
|positive|	|@eri74 But now you've got a lot of catching up to do TWEETY was on a roll
|positive|	|If the iPhone was being promoted by Bal Thackeray
|positive|	|@TerryFree Thanks.    Appreciate that....|
|positive|	|@tamarlovesu I CAN'T BELIEVE YOU PULLED THAT OFF!  Good shit
|positive|	|@CanUhandleMee Lemme pour u some hot Tea with some honey. Talk to me woman!|
|positive|	|@pawoot So you may just stay outside and wonder how quick the operation is.|
|positive|	|is still freezing in Melbourne but the comedy festival is on  #STAtravel|
|positive|	|Every bone in my body is aching but it was worth it ...The Prodigy rocked newcastle last night|
|positive|	|@IronChefShellie: LOL! Very good point|
|positive|	|@souljaboytellem http://twitpic.com/2y506 - aww... mwah  xxxx|
|positive|	|...when a national championship was won
|positive|	|@Gerry_Butler you should have a vote and i vote yes!!!!! going on broadway would be amazing|
|positive|	|@stevenliemberg you should make a good morning train trip with tea and salty pretzels|
|positive|	|@GrantACummings Nah. Obama had UNC as his champ
|positive|	|@rachellondon Hahaha
|positive|	|@heidimontag hey heidi ! i love you and your music ! keep on doing your thing ! much love and support ya bwoi SALMAN !  reply|
|positive|	|My son has treated me to a yummy lunch today in Lygon st Carlton ... for my Birthday. Drove me in while on his L's - Lovely surprise|
|positive|	|@Jennifalconer you too
|positive|	|Goodnight
|positive|	|@burlymulligan yes
|positive|	|There are people we don't like it? They must be very strange people...  re: http://ff.im/1XTfX|
|positive|	|And like that
|positive|	|LMFAO! i put baseball when i ment to put golfball|
|positive|	|@ddlovato  let me know when and we'll make it happen.|
|positive|	|Ah
|positive|	|@Rhiand92 you fail at life and all that it holds.|
|positive|	|DS parties in the lounge are so much fun!|
|positive|	|If a dude can do this I will thank him and shake his hand|
|positive|	|@Adricorn Thanks for your Atwood advice - I'll put them on my list.|
|positive|	|is no longer concern about that someone.. hehe|
|positive|	|Morning  in the caravan at the mo and its freezing
|positive|	|I would marry someone if it meant they could stay.|
|positive|	|@sp2hari @anomit Neat
|positive|	|@andrewrondeau Welcome! |
|positive|	|@jasonsalas Thanks very much
|positive|	|found it!  listening to blink then going to bed.. xoxo|
|positive|	|Phew
|positive|	|@jeffreecuntstar I'm sure many people do
|positive|	|is finally off to bed
|positive|	|@micktleyden Thanks Mick.|
|positive|	|@riax3x I'm so glad you're feeling better *hugs*|
|positive|	|@snarkattack hi  I'd love to see a bumper sticker that read &quot;ministers make you scream for god!&quot; ... I'm so going to hell now!|
|positive|	|getting ready to go away tomorrow.|
|positive|	|Happy Birthday to my wee lil one Michael Patric O'Rourke. He's 1 year old now|
|positive|	|my ex boyfriend once blamed me for making the freckles on his skin raise above the surface. he thought I'd done it to him.  i said wtf|
|positive|	|@mony_ bonjour
|positive|	|Too happy to wash away my grin|
|positive|	|@megelder excellent tip  Makes wonder what you liked best. Bone's try at manipulating people or Ms. Strawberry *lol|
|positive|	|goodmorning
|positive|	|she makes every everything bad in my life seem ok in just a few words with her gentle voice..  http://twitpic.com/2y5ch|
|positive|	|&quot;We'll be a beets cover band&quot;. I would pay money to see that|
|positive|	|Yep
|positive|	|Hi Rhian this is my first post on twitter so hope it works ok. My MBT's r fab - it's a pity I can't wear them 2 work. Hv a good day|
|neutral|	|And here's the run-down on #Android4.0 aka #IceCreamSandwich http://t.co/f1V3HJAe #google|
|neutral|	|Here's what we know about the #GalaxyNexus http://t.co/7bYXbQVY #google #android|
|neutral|	|Tips to make #Google always #crawl your #website http://t.co/SVYSckH7|
|neutral|	|Do the Creep #ahh @JokeAholic_P and @AmiraAldewick #google+dates|
|neutral|	|RT @xenophin: #Samsung and #Google's Ice Cream Sandwich event is at 3am UK time.    Waking up to a lot of news then ... #nonUSAtimezonel ...|
|neutral|	|wait.... since when does putting honeycomb and gingerbread together make ice cream sandwich? #google ...|
|neutral|	|#Android #Google Samsung Galaxy Nexus Coming Soon To Three UK http://t.co/FQbfdiYE #DhilipSiva|
|neutral|	|#Android #Google Nexus S Getting Ice Cream Sandwich
|neutral|	|@Wilko_LR  ||Google to launch iTunes AND Spotify rival? http://t.co/SralgsCi” need to start using #google+|
|neutral|	|#Google to stop giving referral data - by moving to #SSL? http://t.co/wTjiX29b|
|neutral|	|How to use Google Alerts to... http://t.co/crMAaAGQ #seo #search #google #hack #sem #it #business #web #marketing #online #yes #hot #winning|
|neutral|	|Samsung Galaxy Nexus vs. Galaxy S II
|neutral|	|“@rianru: #Google представит новую версию #Android 4.0 http://t.co/ttgycujs”
google|	
|neutral|	|#SEO Tip: #javascript can be a friend +an enemy.Use it wisely to block the content u want #google #bing #yahoo|
|neutral|	|On Google+ then go here http://t.co/XP4apWAH #GPlus #Googleplus #Google #teamfollowback #socialnetwork|
|neutral|	|quick hands on #Galaxy #Nexus by #Samsung #google #android #ICS #4 #icecreamsandwich http://t.co/22cF2m6d|
|neutral|	|#Google #NexusPrime Spec sheet: http://t.co/iuYKWVRQ #Android #Mobile|
|neutral|	|Why not send a Google card this Christmas? http://t.co/zSfuV48d #xmas #google #squidoo|
|neutral|	|#Google and #Samsung reveal the #NexusPrime running the #IceCreamSandwich...#Mobile #Android|
|neutral|	|#Google confirms #Nexus S will get #Ice_Cream_Sandwich -- for real this time (#Gingerbread devices
|neutral|	|#Samsung
|neutral|	|RT @bleublancrouge_: Surprising !Google's Management Isn't Using #Google+ : http://ow.ly/6QuOk @degusta|
|neutral|	|#Android #Google Ice Cream Sandwich new features not mentioned during webcast http://t.co/m2UGgiev #DhilipSiva|
|neutral|	|#Android #Google Ice Cream Sandwich UI enhancements – a new spin on Android http://t.co/DAPpm4av #DhilipSiva|
|neutral|	|Ice Cream Sandwitch comes alive today #android #google|
|neutral|	|RT @tatn: #Google
|neutral|	|#Android #Google Texas Instruments: “It’s Not the Number of Cores
|neutral|	|#Android #Google Android Beam finally makes NFC social http://t.co/P9PMpCFl #DhilipSiva|
|neutral|	|#Android #Google Texas Instruments confirms Galaxy Nexus has newer OMAP4460 processor http://t.co/sh316tBN #DhilipSiva|
|neutral|	|The competition: #Google introduces #Android 4.0 Ice Cream Sandwich and the Galaxy Nexus http://t.co/4vGGHF43|
|neutral|	|#Android #Google Video: Google’s Nexus site updated with new device and ICS features http://t.co/rZBmyLTV #DhilipSiva|
|neutral|	|I would also like ice Cream Sandwich on my phone #google #android http://t.co/uTHuUECJ|
|neutral|	|#google Unwrapping Ice Cream Sandwich on the Galaxy Nexus http://t.co/YLRL4lZy|
|neutral|	|RT @raovallab: How #Google Ventures Chooses Which #Startups Get Its $200 Million http://t.co/UGsBdxQm via @mashbusiness @mashable|
|neutral|	|RT @stuartmiles: http://t.co/hM2x3yim via @pocketlint #moto #google #android|
|neutral|	|RT @AndroidTopNews: Nexus Prime rumored to be released on Nov. 3 http://t.co/77HbvLjI #News #google #Ice_Cream_Sandwich #ics #Nexus_Prime|
|neutral|	|Samsung Galaxy Nexus & Android 4.0 Quick Specs - http://t.co/s1QfUznv #galaxynexus #android #ics #samsung #google|
|neutral|	|Android 4.0 SDK now available #google #android http://t.co/TBtuewi1|
|neutral|	|RT @webseoanalytics: The most important KPIs in #Google #Analytics: http://t.co/uUzhIMGv #marketing #webmaster|
|neutral|	|It's not Google vs Apple. It is Apple & Google vs the old way - GigaOm http://t.co/LJlc6YzS #google|
|neutral|	|RT @TecBuzz: Google steps up its privacy game
|neutral|	|#Android #Google What’s New in Ice Cream Sandwich Android 4.0 http://t.co/z76pv0QV #DhilipSiva|
|neutral|	|#Android #Google Galaxy Nexus http://t.co/GXVKqi6z #DhilipSiva|
|neutral|	|Hmm
|neutral|	|The most important KPIs in #Google #Analytics: http://t.co/uUzhIMGv #marketing #webmaster|
|neutral|	|#Google confirms that the Nexus S will actually get the ice cream sandwich update.|
|neutral|	|http://t.co/Pl4ZeEvH - Android 4.0 SDK now available #google #android http://t.co/sVlrVxTR|
|neutral|	|RT @theunlockr: Nexus S will get Ice-Cream Sandwich too - #Google - http://t.co/Igq9kdIL #android #samsung #ics|
|neutral|	|@TreyRatcliff Congrats on making it to the #google #android 4.0 demo :) http://t.co/EPIv7ny5 #icecreamsandwich|
|neutral|	|Is it bad if I just want it because its called the #icecreamsandwich ?http://t.co/Wt3C2rP1 #android #sansung #google|
|neutral|	|Nexus S will get Ice-Cream Sandwich too - #Google - http://t.co/Igq9kdIL #android #samsung #ics|
|neutral|	|#Android #Google Android 4.0 Ice Cream Sandwich – All New Core Applications Overview http://t.co/XLtT7Wr9 #DhilipSiva|
|neutral|	|#Android #Google New UI and Core Features in Android 4.0 Ice Cream Sandwich Overview http://t.co/BD2omnIb #DhilipSiva|
|neutral|	|#Android #Google Android 4.0 Ice Cream Sandwich Has Hardware Acceleration http://t.co/ijWr1mUJ #DhilipSiva|
|neutral|	|#Android #Google Ice Cream Sandwich Feature Closer Look - Redesigned Lock Screen And Virtual Button Bar http://t.co/FqsPN4An #DhilipSiva|
|neutral|	|RT @Androidheadline Three UK to carry the Samsung Galaxy Nexus http://t.co/bLtq3VrK #android #Samsung #UK #telecom #biznews #Google #news|
|neutral|	|RT @bytenow: The next pure #Google phone is the #Galaxy #Nexus by #Samsung. It's fast and has a nice screen - http://t.co/9RwvaUkq|
|neutral|	|The next pure #Google phone is the #Galaxy #Nexus by #Samsung. It's fast and has a nice screen - http://t.co/9RwvaUkq|
|neutral|	|On Google+ then go here http://t.co/18qxaSp2 #GPlus #Googleplus #Google #teamfollowback #socialnetwork|
|neutral|	|#so #society #network #google #empowerment http://t.co/bYn1njee notes #Facebook should not be taken lightly|
|neutral|	|Like to get my hands on an ice cream sandwich #android #google|
|neutral|	|#google Unwrapping Ice Cream Sandwich on the Galaxy Nexus http://t.co/Ac8JPjPK|
|neutral|	|#Android #Google HTC on ICS: 'reviewing its features and functionality to determine our upgrade plans' http://t.co/GrhboOar #DhilipSiva|
|neutral|	|HTC on ICS: 'reviewing its features and functionality to determine our upgrade plans' http://t.co/UdkGr3Cb  #android #google|
|neutral|	|RT @Stephaniezogrh Samsung
|neutral|	|@rohit_bmw Rohit
|neutral|	|Ice Cream Sandwich is out!   http://t.co/YyceZpDy #android #ios #ics #google|
|neutral|	|RT @BuzzzIt: BuzZz...: Google Wallet Introduction Video http://t.co/Q00gYwQH #Google #Wallet|
|neutral|	|Google encrypts searches: http://t.co/q8inLdFy #Google|
|neutral|	|Samsung
|neutral|	|#Samsung #Galaxy Nexus to Launch on Three of UK http://t.co/xaXnOPO6 #talkandroid #google #networkspecs #nttdocomo|
|neutral|	|Great Mission :: Ice Cream Sandwich
|neutral|	|RT @lcashdol: Too bad #google didn't have a tribute graphic for #DennisRitchie.|
|neutral|	|Like traditional VC firms
|neutral|	|Noarchive is used to restrict search engines from saving a cached copy of the page #Google|
|neutral|	|#Google to begin defaulting logged-in #users to #secure #search: According to a blog post by… http://t.co/64Cj3GuH|
|neutral|	|#Google Wallet now supported by seven new retailers [video] http://t.co/LCrWw4ld via @BGR|
|neutral|	|WOW that #AmberCole video hit #Google!! I'm done haha.....|
|neutral|	|RT @AccessNetworks: We're waiting patiently for Google+ business pages. Anyone else wanting to jump on board? #avtweeps #google+ http:// ...|
|neutral|	|RT @MarcDaley: #Samsung #Google announce new phone and then the #Apple #AppleStore goes down.
google|	
|neutral|	|#Android #Google Ice Cream Sandwich Official Video http://t.co/ppH5CW1p #DhilipSiva|
|neutral|	|Google releases 50 new features for presentations in Google Docs: Google is rolling out a s... http://t.co/HkCBc7pm #google+ #googleplus|
|neutral|	|My next phone samsung galaxy nexus. Ice cream sandwich 4.0. #android #google http://t.co/mjYSLzie|
|neutral|	|Ice Cream Sandwich Android: #IceCreamSandwichAndroid  #Ice #Cream #Sandwich #Android http://t.co/pVRaHhxR #google #youtube|
|neutral|	|RT @fucktec: #Google confirms #Nexus S will get #Ice_Cream_Sandwich -- for real this time (#Gingerbread devices
|neutral|	|I'm not a windows phone fan
|neutral|	|RT @LCmediaHouse: #Google vs Facebook: Get the Whole Picture for Your Marketing http://t.co/tm2xaijB  #SocialMedia|
|neutral|	|I have been watching Captain American movie I will give you what I think of #Google Ice Cream Sandwich going to watch it now|
|neutral|	|#google #galaxy #nexus intro video #samsung #ICS #android #4 http://t.co/tOGMpP8I|
|neutral|	|#Samsung #Galaxy #Nexus hands-on (video) http://t.co/9MNNerc5 #mobile #android4 #galaxynexus #google|
|neutral|	|#Samsung #Google announce new phone and then the #Apple #AppleStore goes down.
google|	
|neutral|	|Unwrapping Ice Cream Sandwich on the Galaxy Nexus: (Cross-posted on the Google Mobile blog)
google|	
|neutral|	|#Google #News: Unwrapping Ice Cream Sandwich on the Galaxy Nexus: (Cross-posted on the Google Mob... http://t.co/AgC6PCz7 #harshgandhitk|
|neutral|	|On Google+ then go here http://t.co/AwDFxDcI #GPlus #Googleplus #Google #teamfollowback #socialnetwork|
|neutral|	|#Android #Google Download: Android 4.0 Ice Cream Sandwich SDK System Dump http://t.co/VyyAsBM6 #DhilipSiva|
|neutral|	|#Android #Google Nexus Site Updated With ICS and Galaxy Nexus
|neutral|	|#Android #Google Official Promo Video Reveals Verizon Wireless Destination http://t.co/xKH7UGY4 #DhilipSiva|
|neutral|	|#google's galaxy #nexus just came out with #anroid4.0. http://t.co/p5kuIoox|
|neutral|	|RT @EcommNewsUpdate Steve Yegge's Google Plus Rant - Google's Pathetic Afterthought http://t.co/4Tt5OsvN #blog #facebook #google #googleplus|
|neutral|	|BuzZz...: Google Wallet Introduction Video http://t.co/Q00gYwQH #Google #Wallet|
|neutral|	|Google is rolling out a suite of new changes to its Google Docs service
|neutral|	|Ballmer also said that the company has a ||variety of different ways|| to respond to Hangouts
|neutral|	|As far as I can tell
|neutral|	|#Google confirms #Nexus S will get #Ice_Cream_Sandwich -- for real this time (#Gingerbread devices
|neutral|	|#Google confirms #Nexus S will get #Ice_Cream_Sandwich -- for real this time (#Gingerbread devices
|neutral|	|www.geoloco.tv - #Geoloco
|neutral|	|#Google confirms #Nexus S will get Ice Cream Sandwich -- for real this time (#Gingerbread… http://t.co/vIoR326D|
|neutral|	|#Samsung Galaxy #Nexus hands-on (#video) http://t.co/w4muSKEm #android #galaxynexus #galaxynexus #google|
|neutral|	|#Google announces #NFC-based #Android Beam for sharing between phones http://t.co/VonJhtjE #android40 #androidbeam|
|neutral|	|#Android #Google First Official Galaxy Nexus / Ice Cream Sandwich Promo Video With Feature Highlights... http://t.co/LtrC34VG #DhilipSiva|
|neutral|	|the announcement is in hong kong....... gotcha #icecreamsandwhich #android #galaxynexus #mynextphone #google #ics #droid|
|neutral|	|Discover #Keywords & #Business Critical Information to be No 1 on #Google read aspenIbiz #blog post http://t.co/Rotiieo0|
|neutral|	|Texas Instruments confirms Galaxy Nexus has newer OMAP4460 processor http://t.co/wqQV4lyu #google #googlenexus|
|neutral|	|Samsung and #Google Announce Galaxy Nexus and #Android 4.0–Ice Cream Sandwich http://t.co/g6EOfUYY #news #android40|
|neutral|	|Android 4.0 SDK now available #google #android http://t.co/P05YR6PC|
|neutral|	|Android 4.0 SDK now available #google #android http://t.co/dB2Rzsu5 #neowin|
|neutral|	|Android 4.0 SDK now available #google #android http://t.co/LzJmTGQ9|
|neutral|	|#Google thinks your digital books belong on a digital #bookcase
|neutral|	|And my favorite
|neutral|	|How do you get pink eye? #Google #autocomplete|
|neutral|	|#Google unveils Ice Cream Sandwich
|neutral|	|RT @rishij_pune: #google must b having sum underlying reasoning 4 naming products after eatables #eclair #gingerbread #icecream #rawados ...|
|neutral|	|#Android + #Google have all of the tools to reshape the market. I should probably take a break from all this #ICS talk. http://t.co/D6T2XYAD|
|neutral|	|@LegiondaChosen1: Check out ||Big Hit feat. LegiondaChosen1 - I'm On 1 - Freestyle|| - http://t.co/IfxU5Za0 #Google Me!!|
|neutral|	|On Google+ then go here http://t.co/5tbv933W #GPlus #Googleplus #Google #teamfollowback #socialnetwork|
|neutral|	|#google #icecream #galaxy #nexus http://t.co/gkoHBpN8|
|neutral|	|RT @VentureBeat: #Google releases an Infinite Digital Bookcase http://t.co/gVbdhLiu by @MeghanKel|
|neutral|	|Why are manhole covers round? #Google #autocomplete|
|neutral|	|RT @NeowinFeed Google shows off new Ice Cream Sandwich features #google #android http://t.co/TAJFjSD9 #neowin|
|neutral|	|China Machado
|neutral|	|RT @Div_Spartan: Fellow Michiganders
|neutral|	|RT @jessvpeterson: Ever post something to the wrong circles?  #google+|
|neutral|	|#Samsung #google #nexus|
|neutral|	|DAMN!!! #Galaxy #Nexus #Google #Android http://t.co/DL3cNtEU time for me to upgrade my Nexus S xD|
|neutral|	|Anyone use #Google+?|
|neutral|	|#Android #Google Need Proof of Verizon’s Galaxy Nexus? http://t.co/jcP7bkvg #DhilipSiva|
|neutral|	|Galaxy Nexus #GalaxyNexus #Android #Google http://t.co/AWJHxwGT #followme|
|neutral|	|Android Ice Cream Sandwich adds Face Unlock feature http://t.co/45HxZE0o #Tech #google|
|neutral|	|#Google releases an Infinite Digital Bookcase http://t.co/12AuhZ6o by @MeghanKel|
|neutral|	|#Google encrypts search data against hackers
|neutral|	|#Google Android Ice Cream Sandwich OS http://t.co/VhntGols #technology #androidicecream #nexusprime #sandwichos|
|neutral|	|#Android #Google Video: Samsung Galaxy Nexus Announcement and Official Promo http://t.co/4ErExB4T #DhilipSiva|
|neutral|	|#Android #Google ICS Has Completely Revamped Your Contacts Into The ||People|| app http://t.co/QDoGji0U #DhilipSiva|
|neutral|	|http://t.co/pUvXwjjc Is it #Google #bookmark or #links that bring site #traffic blogspot http://t.co/KPdXWPEB wp http://t.co/31g0geqy|
|neutral|	|#Facebook vs. #Google+ : Which #SocialMedia Platform is the Best for You? | @customerthink http://t.co/QqkviaAn|
|neutral|	|Android 4.0 Ice Cream Sandwich Official
|neutral|	|How #Google Ventures Chooses Which Startups Get Its $200 Million http://t.co/FCWXoUd8 via @mashbusiness @mashable|
|neutral|	|#goodtoknow #privacy #google http://t.co/Ye337YR6|
|neutral|	|Samsung Galaxy Nexus: Android 4.0 Smartphone Unveiled : http://t.co/b5jmtr1L #android #google #mobile #news|
|neutral|	|Samsung And Google Announce Galaxy Nexus http://t.co/I6r95xgK #samsung #galaxy #nexus #google #android #ICS #news #tech|
|neutral|	|Newest version of my (and @latc214's) phone (and a new version of Android) announced today. http://t.co/7acjrKIN #nexus #google #samsung|
|neutral|	|#Google's #Android 4.0 Development Plan: Make Android Prettier http://t.co/7X0OFPuq @paidcontent|
|neutral|	|#Google springs #IceCreamSandwich on Samsung #GalaxyNexus smartphone. Android tablets soon? http://t.co/yyU5q0I7 (TabTimes)|
|neutral|	|It tells you where to find your next drink. RT @RoycinD: What the fuck is a Barometer doing in a phone? Eh? #ICS #google #galaxynexus|
|neutral|	|Good To Read: Google steps up its privacy game
|neutral|	|Thank you
|neutral|	|#Google weiterhin auf der Erfolgsspur http://t.co/lf3RkTcJ|
|neutral|	|Well we should knw that this isnt the app from #google unlike #Apple.|
|neutral|	|Samsung e o Google lançam hoje o Galaxy Nexus e o Android 4.0 http://t.co/PW4KRE0F #google #samsung|
|neutral|	|RT @BatzayaB: #Google #Android Ice Cream Sandwich 4.0 (photos) http://t.co/XlJBYgIS|
|neutral|	|#Google #Android Ice Cream Sandwich 4.0 (photos) http://t.co/iK3Iq8KR|
|neutral|	|#Google #Galaxy #Nexus
google|	
|neutral|	|#Google Unwrapping Ice Cream Sandwich on the Galaxy Nexus http://t.co/D7ntPaIt|
|neutral|	|Google Galaxy Nexus http://t.co/vWpuA2gt #google #galaxynexus #android #ICS|
|neutral|	|Some people should not post replies in #Google+ threads. Their posts only continue to weaken their creditbility.|
|neutral|	|#Android #Google Android 4.0 (Ice Cream Sandwich) SDK and ADT 14 Released http://t.co/wG9xoNkg #DhilipSiva|
|neutral|	|#Android #Google Official Galaxy Nexus Site Goes Live
|neutral|	|Reading: Android 4.0 'Ice Cream Sandwich' Features Announced By Google (HuffPost- Oct.18) #google http://t.co/wmqNPcLV|
|neutral|	|Galaxy Nexus #Android ICS barometer will undoubtedly be used to add 3D to #Google Maps.|
|neutral|	|#Google+|
|neutral|	|@dwtalker that's some tough competition right there http://t.co/XP9LhjpR #TechWar #Google #Facebook #Apple #Amazon|
|neutral|	|#Android #Google Calling all speed demons - Galaxy Nexus! http://t.co/kma7ZnAf #DhilipSiva|
|neutral|	|#Android #Google Android Beam makes NFC for more than paying for things http://t.co/dxrbxjkB #DhilipSiva|
|neutral|	|Calling all speed demons - Galaxy Nexus! http://t.co/7OyVuqdq  #android #google|
|neutral|	|Android Beam makes NFC for more than paying for things http://t.co/3wKMrcTL  #android #google|
|neutral|	|#Google Docs presentations get real-time collaboration
|neutral|	|Yeni Galaxy Nexus - http://t.co/QZcbA4Bx #google #galaxynexus|
|neutral|	|www.google.com/googlenexus #google #android #icecreamsandwich #googlenexus|
|neutral|	|RT @MikeMcCready: Don’t Cast Your Google Adwords Net Too Wide | Mike McCready http://t.co/ms06fehi #google #adwords|
|neutral|	|#Google
|neutral|	|I'm thinking seriously to make my own page in #wikipedia just to find myself in #google.|
|neutral|	|#Google is introducing #GalaxyNexus. You can unlock you phone by smile. Other then that....get an iPhone.|
|neutral|	|Unwrapping Ice Cream Sandwich on the Galaxy Nexus http://t.co/9IvTJkit #Google|
|neutral|	|Unwrapping Ice Cream Sandwich on the Galaxy Nexus http://t.co/QoXd3I0s #google|
|neutral|	|Update : Google Officially calls Android Ice Cream Sandwich
|neutral|	|116 new #jobs posting for #google http://t.co/XfG6l29D  #jobely|
|neutral|	|Is Google Analytics Reverse-Engineering Facebook?: http://t.co/mJHRoa7L #google #facebook #media #digitalstrategy|
|neutral|	|RT “@Ant0ineH: Twitter Will Beat #Google+ And #Facebook With Simplicity- #Twitter CEO http://t.co/melkHdb7” Beat? You aren't competitors…|
|neutral|	|RT @meko2301: #Google #Android #ICS #IceCreamSandwich|
|neutral|	|who the hell is #ambercole?? i dont feel like i care enough to #google this bitch so ill ask you guys!|
|neutral|	|Posting on #twitter about #google+ suggesting I add Tom from #myspace I think the universe just exploded. #justsayin|
|neutral|	|#Pearson and #Google take advantage of the profound lack of LMS PD with their new offering http://t.co/4RsRDU4G Also do not do reporting|
|neutral|	|Unwrapping Ice Cream Sandwich on the Galaxy Nexus http://t.co/qukDb5lb #google #mobile|
|neutral|	|#Google #Android #ICS #IceCreamSandwich|
|neutral|	|http://t.co/pUvXwjjc How do #CMM & #BBC get #massive #hits? Is #Google @ work? blogspot http://t.co/KPdXWPEB wp http://t.co/31g0geqy|
|neutral|	|Google Reveals the Details of Android OS 4.0
|neutral|	|#google must b having sum underlying reasoning 4 naming products after eatables #eclair #gingerbread #icecream #rawadosa #android|
|neutral|	|Installing the Ice Cream Sandwich SDK #android #google|
|neutral|	|nothing like saying 'screw you' to a bad real estate company on 7 different social pages! #google #citysearch #yellowpages #yelp #yahoo ...|
|neutral|	|Cool Infographic: Perks working for the big techs like #Google & #Facebook | http://t.co/lNEgf7Kn|
|neutral|	|On Google+ then go here http://t.co/K6BggvDx #GPlus #Googleplus #Google #teamfollowback #socialnetwork|
|neutral|	|#Google To Begin Encrypting Searches & Outbound Clicks By Default With SSL Search http://t.co/xW7vh75e|
|neutral|	|#droidtweak #Video: #IceCreamSandwich on the #GalaxyNexus http://t.co/vBcl0OzP #googlephone #nexus1 #NexusS #google|
|neutral|	|Galaxy Nexus – the first Ice Cream Sandwich phone coming to Verizon http://t.co/BiPvBdxz  #android #google|
|neutral|	|is oxycodone and nyquil a bad mix? lol .. I don't think so but.. #ineedadoctor and I'm to lazy to use #google|
|neutral|	|Big Money... http://t.co/Ms6AwiX4 #seo #search #google #hack #sem #it #business #web #marketing #online #yes #hot #winning|
|neutral|	|RT @RUILIFESTYLE: #GOOGLE THE MIXTAPE http://t.co/v8zTtNVV|
|neutral|	|#Android #Google Meet the Samsung Galaxy Nexus and Ice Cream Sandwich http://t.co/2VWXzReW #DhilipSiva|
|neutral|	|#Samsung Galaxy Nexus is now confirmed http://t.co/v4LR34p3 #googlenews #mobile #android40icecreamsandwich #google|
|neutral|	|#Android #Google Android 4.0 SDK now available http://t.co/HI1cQ2si #DhilipSiva|
|neutral|	|#Android #Google Samsung Galaxy Nexus release details still in short supply http://t.co/s6A7Y9WT #DhilipSiva|
|neutral|	|#Android #Google Samsung Galaxy Nexus hands-on roundup http://t.co/RE1EnpaU #DhilipSiva|
|neutral|	|Don’t Cast Your Google Adwords Net Too Wide | Mike McCready http://t.co/ms06fehi #google #adwords|
|neutral|	|Unwrapping Ice Cream Sandwich on the Galaxy Nexus http://t.co/TCKtgpBH #Google|
|neutral|	|Google details Android 4.0 Ice Cream Sandwich
|neutral|	|Google details Android 4.0 Ice Cream Sandwich
|neutral|	|Dennis Goedegebuure’s Thoughts on Changes in #Google Analytics: I contacted Dennis and asked… http://t.co/okCwNrpq|
|neutral|	|Article Recap on the #Google Analytics ||Secure|| Change: Here are some articles we found after… http://t.co/RPTLWMLo|
|neutral|	|#Google releases an Infinite Digital Bookcase http://t.co/FbvZq8Yp by @MeghanKel|
|neutral|	|Check out || @Legiondachosen1 ft. Big Hit - My Life's A Movie (snippet) - Prod. by @LegiondaChosen1|| - http://t.co/XjTCc7j7 #Google Me!!|
|neutral|	|Massive Galaxy Nexus/Ice Cream Sandwich Recap. - http://t.co/I8SW5Udz #galaxynexus #Google #ics #Samsung|
|neutral|	|#Android #Google Three UK to carry Samsung Galaxy Nexus http://t.co/Lt4m2HH4 #DhilipSiva|
|neutral|	|#Android #Google Google updates Nexus site with Galaxy Nexus details http://t.co/BeckhmA1 #DhilipSiva|
|neutral|	|Three UK to carry Samsung Galaxy Nexus http://t.co/SwvAcbxC  #android #google|
|neutral|	|Google updates Nexus site with Galaxy Nexus details http://t.co/LaSn4ol0  #android #google|
|neutral|	|RT @tatn: #Google
|neutral|	|#Google
|neutral|	|#google+ ...thoughts? to sign up or not to sign up
|neutral|	|#Google Ice Cream Sandwich
|neutral|	|#Google has been released #Android 4.0 platform http://t.co/mvdCD0v8|
|neutral|	|#Google Defaults to Encrypted HTTPS #Searches for Logged In Users [#Security] http://t.co/kzMZDxmE|
|neutral|	|#Android #Google Samsung's Galaxy Nexus - It's Official
|neutral|	|Personal-finance #security #startup @BillGuard raises $10mn from #KhoslaVentures
|neutral|	|Hopefully only a few weeks until #ICS is on my Nexus S 4G! #Google #Samsung #IceCreamSandwich #Android4|
|neutral|	|#google just invented #mango taste #icecream. even the #roboto is so #segoe. but it's ok. every oem will have to pay #ms anyway... LOL.|
|neutral|	|Embed Google Calendar To Your Wordpress Post: http://t.co/ah8km2JF #wordpress #google|
|neutral|	|#Google To Begin Encrypting Searches & Outbound Clicks By Default With SSL Search http://t.co/bf5zVm0U @searchengineland|
|neutral|	|#samsung #google #galaxynexus We got the lowdown after the Hong Kong press release
|neutral|	|#google #IceCreamSandwich #Samsung #Updates #Android  
|neutral|	|#Google #Cloud Epson Artisan 837: According to Epson you can also upgrade the printer to support Google Clo... http://t.co/D6gFyji3 #TCN|
|neutral|	|Chrome Experiment - WebGL Bookcase - http://t.co/1GNsOwmu #Google|
|neutral|	|Word of Mouth and the Internet - YouTube http://t.co/UCD9sDx4 #google #searching #wom|
|neutral|	|@AtlantaSnoop yea I've seen my #location waaaay off on #google sites. Not a big deal but still strange. #spookygoogle|
|neutral|	|#Android #Google Galaxy Nexus Site is Live: Register and Relive the New Features http://t.co/7llRSpUO #DhilipSiva|
|neutral|	|On Google+ then go here http://t.co/iLjdQBpT #GPlus #Googleplus #Google #teamfollowback #socialnetwork|
|neutral|	|#Google & Samsung announced their (hopeful) rebuttal to iPhone 4S tonight... site shows nice specs but no carriers yet. http://t.co/Z8SDgUT9|
|neutral|	|RT @GWGoddess: We could have told you this two years ago! http://t.co/6BZ6W7cf @Novell #GroupWise #Google|
|neutral|	|@Affan Fact! They still do everything better though #google|
|neutral|	|@jpobrien11 or windows bridge for windows phones and don't try and pretend apple didn't steal the notification bar from #google #droidtweets|
|neutral|	|What could a bookcase look like in 10 years...maybe this? http://t.co/i6YWQ7oR  #google #books|
|neutral|	|And thanks to TWIT's AAA crew for the live coverage of the #Google / Samsung announcement!|
|neutral|	|Check%RT @CadientGroup: $6% of women use #Google for info on health care vs 28% of men -&gt; http://t.co/QEfhPgX2 (via @nicolaziady) #hcsmeu|
|neutral|	|Infinite digital dusting RT @VentureBeat: #Google releases an Infinite Digital Bookcase http://t.co/8m7gN6iN|
|neutral|	|The competition: #Google introduces #Android 4.0 Ice Cream Sandwich and the Galaxy Nexus http://t.co/PCu88z7j|
|neutral|	|Hide the women and children
|neutral|	|#Android #Google Android 4.0 Ice Cream Sandwich SDK is available today http://t.co/mTnbj9hD #DhilipSiva|
|neutral|	|RT @BrightSideNews: @Google and @Samsung Announce the #Galaxy #Nexus http://t.co/dZHvFxVh #Android #ICS #Icecreamsandwich #Google #Samsung|
|neutral|	|So #Google #Droid is built (in part) using the bouncy castle C# api. C# is a  Microsoft programming language. +1 for all you #Linux Fanboys|
|neutral|	|My thoughts on tonight's #Google Ice Cream Sandwich and #Samsung Galaxy Nexus talk: http://t.co/gu7ScKXL|
|neutral|	|#Galaxy #Nexus Officially Announced At Hong Kong Event http://t.co/wMy6LoCd #google|
|neutral|	|#Android #Google Ice Cream Sandwich SDK now available http://t.co/K0tksZ1O #DhilipSiva|
|neutral|	|Ice Cream Sandwich SDK now available http://t.co/ZOgECNER  #android #google|
|neutral|	|@csg122 http://t.co/TBxLrvin Hopefully you check twitter often enough to find this article. :D #google #ICS|
|neutral|	|Why is everyone hating on #Android #IceCreamSandwich? #ICS #everyoneisacritic #os #google|
|neutral|	|#Android #Google Galaxy Nexus Press Release http://t.co/JKrzYGBO #DhilipSiva|
|neutral|	|engineers #google Manny Marroquin #MannyMarroquin|
|neutral|	|@Google and @Samsung Announce the #Galaxy #Nexus http://t.co/dZHvFxVh #Android #ICS #Icecreamsandwich #Google #Samsung|
|neutral|	|Will the #Galaxy #Nexus be coming to #Sprint? No mention of price
|neutral|	|RT @aalkhubaizi: Introducing Android 4.0
|neutral|	|#Advertising #Blog Today's blog covers the #IGen and #Google's ||Parisian Love|| Debating with @smarch323 for your votes! http://t.co/x3JY4b2L|
|neutral|	|RT @DarkoIvancevic: How #Google Ventures Chooses Which Startups Get Its $200 Million http://t.co/9WDpnVDR|
|neutral|	|Siri's Search Capabilities vs Google Voice Search on Android - Tested http://t.co/YKiFTufX #apple #google #voip|
|neutral|	|#Google announces #NFC-based #Android Beam for sharing between phones http://t.co/5PAI7r8y|
|neutral|	|#Google announces #NFC-based #Android Beam for sharing between phones http://t.co/zYKEr3ax via @engadget|
|neutral|	|#Android #Google Android 4.0 Ice Cream Sandwich Official
|neutral|	|On Google+ then go here http://t.co/kDHaUfDl #GPlus #Googleplus #Google #teamfollowback #socialnetwork|
|neutral|	|Samsung Galaxy Nexus - the new official Google smartphone with Android 4.0 ||Ice-Cream Sandwich|| http://t.co/S8hSL06q #Google #Android|
|neutral|	|#Google releases the latest version of #Android 4.0  #IceCreamSandwich http://t.co/fB7y5E1e|
|neutral|	|Also
|neutral|	|ahahaa for the twitpic... the power of #google|
|neutral|	|Google unveils Ice Cream Sandwich
|neutral|	|RT @whymicrosoft: Google’s Ad revenue for Q3 was 96% of total revenue. So
|neutral|	|#Google #Samsung #GalaxyNexus http://t.co/1C5iEpPk|
|neutral|	|RT @mashable #Google Launches #Android Ice Cream Sandwich OS http://t.co/zxfeb0ld|
|neutral|	|RT @mcala: #windowsphone Metro style has obviously impressed somebody at #Google. #imitation #flattery #Android 4.0|
|neutral|	|#Android #Google Galaxy Nexus and Ice Cream Sandwich Promo Video Released
|neutral|	|#Google announces #NFC-based #Android Beam for sharing between phones http://t.co/dduu9ffd|
|neutral|	|RT @dalmaer: WebGL infinite bookcase UI http://t.co/bvu1qtkT #google|
|neutral|	|#TeamGoogleNexus RT @B__Y #Google + #Samsung = Perfect #Icecream sandwich #GalaxyNexus|
|neutral|	|#Google does away with #Buzz - http://t.co/uqMIQbBT #SearchEngine #Search #SocialNetworking #Social #Network|
|neutral|	|Add me to your circles on #Google+|
|neutral|	|HNews: Google
|neutral|	|#Google Buzz to the junkyard along with four other services including Jaiku http://t.co/XzxMHuuu &gt; liked Jaiku|
|neutral|	|#Google Buzz to the junkyard along with four other services including Jaiku http://t.co/lm79ZlWA &gt; liked Jaiku|
|neutral|	|#Google (and #Twitter ) get ready for the debut of #IceCreamSandwich http://t.co/T36KZ6gf|
|neutral|	|RT @MSFTDynamicsERP: Time to learn
|neutral|	|@TheZeroOfTime #microsoft|
|neutral|	|1st public test release for the Roslyn project. http://t.co/0j9ly9Y8 giving APIs to the C# compiler (and visual basic but ..;). #microsoft|
|neutral|	|Updates: Windows Phone 7.5 now available more broadly http://t.co/miMgwgwo #microsoft|
|neutral|	|RT @SAP_MICROSOFT: Follow @whymicrosoft for insight on #Microsoft solutions which drive productivity for people and their organizations|
|neutral|	|#Microsoft builds a functioning 'holodesk' to interact with digital items - http://t.co/ougSB108 via @TheNextWeb|
|neutral|	|@nokia Is #Nokia going to release their new #WindowsPhone in Norway this year? #WP7 #Microsoft|
|neutral|	|Ballmer On Not Buying Yahoo: 
microsoft|	
|neutral|	|RT @ScottRockHill: #MIcrosoft Launches Reseller RewardHub for Resllers http://t.co/scPUl9Yz|
|neutral|	|#GA-repost: RT @whymicrosoft Are you making the move from #GoogleApps to #Microsoft? &gt;&gt; #Metalogix can migrate y... http://t.co/z3Z3X9pA|
|neutral|	|RT @whymicrosoft Are you making the move from #GoogleApps to #Microsoft? &gt;&gt; #Metalogix can migrate you from #GoogleApps to #SharePoint|
|neutral|	|#Microsoft builds a functioning ‘holodesk’ to interact with digital items http://t.co/BgrZnNvs #uncategorized|
|neutral|	|#seguridadparatodos is using #Microsoft #Security #Essentials and you? (thx @msftsecresponse) - Our analysis [Spanish] http://t.co/hUt3FQyA|
|neutral|	|RT @RossMistry: #Microsoft Codename ||Data Explorer|| CTP Coming Next Month  http://t.co/NkhuoM7U #SQLServer #SQL2012 #SQLAzure|
|neutral|	|Bill Gates jumps over chairs during interviews http://t.co/dmVtFsVg #BillGates #microsoft 
