|positive|,|@PrincessSuperC Hey Cici sweetheart! Just wanted to let u know I luv u! OH! and will the mixtape drop soon? FANTASY RIDE MAY 5TH!!!!|
|positive|,|@Msdebramaye I heard about that contest! Congrats girl!!|
|positive|,|UNC!!! NCAA Champs!! Franklin St.: I WAS THERE!! WILD AND CRAZY!!!!!! Nothing like it...EVER http://tinyurl.com/49955t3|
|neutral|,|Do you Share More #jokes #quotes #music #photos or #news #articles on #Facebook or #Twitter?|
|neutral|,|Good night #Twitter and #TheLegionoftheFallen.  5:45am cimes awfully early!|
|neutral|,|I just finished a 2.66 mi run with a pace of 11'14"/mi with Nike+ GPS. #nikeplus #makeitcount|
|negative|,|Disappointing day. Attended a car boot sale to raise some funds for the sanctuary, made a total of 88p after the entry fee - sigh|
|negative|,|no more taking Irish car bombs with strange Australian women who can drink like rockstars...my head hurts.|
|negative|,|Just had some bloodwork done. My arm hurts|
|negative|,|Need a hug |
|negative|,|@switchfoot http://twitpic.com/2y1zl - Awww, that's a bummer.  You shoulda got David Carr of Third Day to do it. ;D|
|negative|,|is upset that he can't update his Facebook by texting it... and might cry as a result  School today also. Blah!|
|negative|,|@Kenichan I dived many times for the ball. Managed to save 50%  The rest go out of bounds|
|negative|,|my whole body feels itchy and like its on fire |
|negative|,|@nationwideclass no, it's not behaving at all. i'm mad. why am i here? because I can't see you all over there. |
|negative|,|@Kwesidei not the whole crew |
|negative|,|@LOLTrish hey  long time no see! Yes.. Rains a bit ,only a bit  LOL , I'm fine thanks , how's you ?|
|negative|,|@Tatiana_K nope they didn't have it |
|negative|,|@twittera que me muera ? |
|negative|,|spring break in plain city... it's snowing |
|negative|,|I just re-pierced my ears |
|negative|,|@caregiving I couldn't bear to watch it.  And I thought the UA loss was embarrassing . . . . .|
|negative|,|@octolinz16 It it counts, idk why I did either. you never talk to me anymore |
|negative|,|@smarrison i would've been the first, but i didn't have a gun.    not really though, zac snyder's just a doucheclown.|
|negative|,|@iamjazzyfizzle I wish I got to watch it with you!! I miss you and @iamlilnicki  how was the premiere?!|
|negative|,|Hollis' death scene will hurt me severely to watch on film  wry is directors cut not out now?|
|negative|,|about to file taxes |
|negative|,|@LettyA ahh ive always wanted to see rent  love the soundtrack!!|
|negative|,|@FakerPattyPattz Oh dear. Were you drinking out of the forgotten table drinks? |
|negative|,|@alydesigns i was out most of the day so didn't get much done |
|negative|,|one of my friend called me, and asked to meet with her at Mid Valley today...but i've no time *sigh* |
|negative|,|@angry_barista I baked you a cake but I ated it |
|negative|,|this week is not going as i had hoped |
|negative|,|blagh class at 8 tomorrow |
|negative|,|I hate when I have to call and wake people up |
|negative|,|Just going to cry myself to sleep after watching Marley and Me.  |
|negative|,|im sad now  Miss.Lilly|
|negative|,|ooooh.... LOL  that leslie.... and ok I won't do it again so leslie won't  get mad again |
|negative|,|Meh... Almost Lover is the exception... this track gets me depressed every time. |
|negative|,|some1 hacked my account on aim  now i have to make a new one|
|negative|,|@alielayus I want to go to promote GEAR AND GROOVE but unfornately no ride there  I may b going to the one in Anaheim in May though|
|negative|,|thought sleeping in was an option tomorrow but realizing that it now is not. evaluations in the morning and work in the afternoon! |
|negative|,|@julieebaby awe i love you too!!!! 1 am here  i miss you|
|negative|,|@HumpNinja I cry my asian eyes to sleep at night |
|negative|,|ok I'm sick and spent an hour sitting in the shower cause I was too sick to stand and held back the puke like a champ. BED now |
|negative|,|@cocomix04 ill tell ya the story later  not a good day and ill be workin for like three more hours...|
|negative|,|@MissXu sorry! bed time came here (GMT+1)   http://is.gd/fNge|
|negative|,|@fleurylis I don't either. Its depressing. I don't think I even want to know about the kids in suitcases. |
|negative|,|Bed. Class 8-12. Work 12-3. Gym 3-5 or 6. Then class 6-10. Another day that's gonna fly by. I miss my girlfriend |
|negative|,|really don't feel like getting up today... but got to study to for tomorrows practical exam... |
|negative|,|He's the reason for the teardrops on my guitar the only one who has enough of me to break my heart |
|negative|,|Sad, sad, sad. I don't know why but I hate this feeling  I wanna sleep and I still can't!|
|negative|,|@JonathanRKnight Awww I soo wish I was there to see you finally comfortable! Im sad that I missed it |
|negative|,|Falling asleep. Just heard about that Tracy girl's body being found. How sad  My heart breaks for that family.|
|negative|,|@Viennah Yay! I'm happy for you with your job! But that also means less time for me and you... |
|negative|,|Just checked my user timeline on my blackberry, it looks like the twanking is still happening  Are ppl still having probs w/ BGs and UIDs?|
|negative|,|Oh man...was ironing @jeancjumbe's fave top to wear to a meeting. Burnt it |
|negative|,|is strangely sad about LiLo and SamRo breaking up. |
|negative|,|@tea oh! i'm so sorry  i didn't think about that before retweeting.|
|negative|,|Broadband plan 'a massive broken promise' http://tinyurl.com/dcuc33 via www.diigo.com/~tautao Still waiting for broadband we are |
|negative|,|@localtweeps Wow, tons of replies from you, may have to unfollow so I can see my friends' tweets, you're scrolling the feed a lot. |
|negative|,|our duck and chicken are taking wayyy too long to hatch |
|negative|,|Put vacation photos online a few yrs ago. PC crashed, and now I forget the name of the site. |
|negative|,|I need a hug |
|negative|,|@andywana Not sure what they are, only that they are PoS! As much as I want to, I dont think can trade away company assets sorry andy! |
|negative|,|@oanhLove I hate when that happens... |
|negative|,|I have a sad feeling that Dallas is not going to show up  I gotta say though, you'd think more shows would use music from the game. mmm|
|negative|,|Ugh....92 degrees tomorrow |
|negative|,|Where did u move to?  I thought u were already in sd. ?? Hmmm. Random u found me. Glad to hear yer doing well.|
|negative|,|@BatManYNG I miss my ps3, it's out of commission  Wutcha playing? Have you copped 'Blood On The Sand'?|
|negative|,|just leaving the parking lot of work! |
|negative|,|The Life is cool. But not for Me. |
|negative|,|Sadly though, I've never gotten to experience the post coitus cigarette before, and now I never will. |
|negative|,|I had such a nice day. Too bad the rain comes in tomorrow at 5am |
|negative|,|@Starrbby too bad I won't be around I lost my job and can't even pay my phone bill lmao aw shucks |
|negative|,|Damm back to school tomorrow |
|negative|,|Mo jobs, no money.  how in the hell is min wage here 4 f'n clams an hour?|
|negative|,|@katortiz  Not forever... See you soon!|
|negative|,|@Lt_Algonquin agreed, I saw the failwhale allllll day today. |
|positive|,|I LOVE @Health4UandPets u guys r the best!! |
|positive|,|im meeting up with one of my besties tonight! Cant wait!!  - GIRL TALK!!|
|positive|,|@DaRealSunisaKim Thanks for the Twitter add, Sunisa! I got to meet you once at a HIN show here in the DC area and you were a sweetheart. |
|positive|,|Being sick can be really cheap when it hurts too much to eat real food  Plus, your friends make you soup|
|positive|,|@LovesBrooklyn2 he has that effect on everyone |
|positive|,|@ProductOfFear You can tell him that I just burst out laughing really loud because of that  Thanks for making me come out of my sulk!|
|positive|,|@r_keith_hill Thans for your response. Ihad already find this answer |
|positive|,|@KeepinUpWKris I am so jealous, hope you had a great time in vegas! how did you like the ACM's?! LOVE YOUR SHOW!! |
|positive|,|@tommcfly ah, congrats mr fletcher for finally joining twitter |
|positive|,|@e4VoIP I RESPONDED  Stupid cat is helping me type. Forgive errors |
|positive|,|crazy day of school. there for 10 hours straiiight. about to watch the hills. @spencerpratt told me too! ha. happy birthday JB! |
|positive|,|@naughtyhaughty HOW DID I FORGET ABOUT TWO AND A HALF MEN?!?!? I LOVE THAT SHOW!!! |
|positive|,|@nileyjileyluver Haha, don't worry! You'll get the hang of it! |
|positive|,|@soundwav2010 At least I won't be the only one feeling lost! This may cause me many later than usual nights, already addicting |
|positive|,|@LutheranLucciol Make sure you DM me if you post a link to that video! &lt;LOL&gt;So I don't miss it   Better get permission and blessing first?|
|positive|,|Just added tweetie to my new iPhone |
|positive|,|@michellardi i really don't know. i think its Globe!  yeah! sana gumaling na ko para alam ko na din kung makakasama ako! )|
|positive|,|@nicolerichie: your picture is very sweet |
|positive|,|Catching Up on Emails, RSS and Random BACN. Then I'm cutting out early tonight (11:30PM) to have Dinner with @lauraw |
|positive|,|Dancing around the room in Pjs, jamming to my ipod. Getting dizzy. Well twitter, you asked! |
|positive|,|Didn't place in the Peeps contest but thanks for voting anyways. |
|positive|,|Going to bed so goodnight everyone  and sweet dreams  http://twitpic.com/2y2e0|
|positive|,|@LittleLumen walking over to put the deposit down tomorrow |
|positive|,|is now followinq @DAChesterFrench , you shud do tha same |
|positive|,|@LordPov Are you meant to add on the back of that &quot;twittering from a toilet cubicle somewhere&quot;? |
|positive|,|Aw i'm holding my new puppy. Well He's not mine but He's a cutie. |
|positive|,|@iJohn kitteh is sleepin on my crotch which proves she likes me more |
|positive|,|@DramaBeats agreed |
|positive|,|reaching amritsar in an hour and (if i find a bus) should be at wagah border by 2pm  - http://bkite.com/06fuJ|
|positive|,|@ALBinLA.  I was just thinking about you tonight!  You have to let me be the first to interview you're a famous super star |
|positive|,|happy to spend time with the family. |
|positive|,|finally going to bed!  so tired. Was gonna watch The Hills but didnt =/|
|positive|,|so effing tired of my throat hurting.... ooooohh... i just got a crazy craving for a pina colada/banana slushie!!!! |
|positive|,|@deon upload di indowebster dong banggggg |
|positive|,|@wisdomous you're welcome. glad you enjoyed it. |
|positive|,|@hawaii808shellz hAhAHA!! omG! we wer bOth laughiN off d hOOk!  cuz das hOW we roLLL...ryt sheLdawg?|
|positive|,|@SickWithThePen awww pookie feel better. I'll pray for you...and BAG the nurse up |
|positive|,|YAY! found a new cuddle buddy |
|positive|,|I think I met my first &quot;snob&quot; on twitter tonight. Too bad. Life goes on! |
|positive|,|Across the Universe. Sleep. Rehearsal tomorrow. |
|positive|,|@annabellee dry sweet potato, huh? |
|positive|,|@JonathanRKnight Hi Jon! Great to hear from you! See you on the cruise, I cannot wait! Hope all is well on the Knight bus!  You are loved!|
|positive|,|having a long conversation with mom on phone |
|positive|,|@suitelifeofkell yayyy! lol. i just requested herrr. what did she say? |
|positive|,|Practicing lines/mannerisms/voices for upcoming feature shoot.  Probably driving Brock crazy.  |
|positive|,|Going to go and read new moon for the 3rd time  I cant get enough of twilight series |
|positive|,|today is our two month anniversary!!! i love you sooooooo much Diana. omg you dont even know  TAR HEELS WON THE NCAA WOOT!!!!!|
|positive|,|I am bored |
|positive|,|@stevecla it is a wallpaper with Red Square I was asking for |
|positive|,|@r_keith_hill Thanks for your response. Ihad already find this answer |
|positive|,|@Pope_Mello Well yeah! I only noticed cuz i'm BB too. |
|positive|,|Just tryna get inspired thats all |
|positive|,|@KourtneyKardash Can't get up early enough!!!  Night workouts are much better. |
|positive|,|@ladygaga Can't wait to see ur hot ass in Austin! woot woot!!! annnd love the bob with purple, i went the royal color way as well |
|positive|,|@QuotableBuffy I got a bunch of Buffy songs too! One of my faves is &quot;Vivian&quot; by Nerf Herder, when Faith met Spike in Buffy's body. |
|positive|,|#Devunity Wallpaper  Check this out !   --&gt;    http://twitpic.com/2y2e2|
|positive|,|Morning Tweetland, a long day ahead! Hope everyone has a great day  |
|positive|,|   uploading pictures on friendster |
|positive|,|@ash_CT Aw dont you love that  I love for those days! Thanks about the pic ;-p|
|positive|,|noodlebox with amanda tonight |
|positive|,|@una_avion2010 Sorrry, I'm doing like 29823782 different things. Kevin Jonas' Girlfriend |
|positive|,|@fuzeb they are so serious too while singing like.. whoa  hehe lsd maybe? j/k lolol|
|positive|,|loving life... and loving you |
|positive|,|@ApothecaryJeri  I love Sicilians best damn pizza on the planet [says I] |
|positive|,|loves chocolate milk  and that is GF YEAH..|
|positive|,|Going to Sutter Creek tomorrow to tour an old Mine |
|positive|,|@bodycoach I'll look into that cho, I personally like strawberry but I'm going to become coach soon |
|positive|,|@little__fish guess where i live. the other side of the earth  east mesa, losiento|
|positive|,|@paula_paige3489 so apart from the sore... how was the tryouts? |
|positive|,|failed physics TEST... what a homo. keeen for the holidays (2 days to go) |
|positive|,|Just observed the update look of #Alexa website, http://tinyurl.com/c48gzf , looks great, seems Alexa is improving |
|positive|,|@leiabox so what can you tell us about it? I'm totally geeking out right now |
|positive|,|@theragingocean BonJour Spacecowboy,I wish I was either of it .I work with Kids, can go out whenever I want and go wherever I want to |
|positive|,|@Rebecca1158 goodnight. |
|positive|,|My brother is sick too lol. Quite weird |
|positive|,|@drdrew *gives a hug and a cookie* Hope you feel better! |
|positive|,|I LOVE @Health4UandPets u guys r the best!! |
|positive|,|im meeting up with one of my besties tonight! Cant wait!!  - GIRL TALK!!|
|positive|,|@DaRealSunisaKim Thanks for the Twitter add, Sunisa! I got to meet you once at a HIN show here in the DC area and you were a sweetheart. |
|positive|,|Being sick can be really cheap when it hurts too much to eat real food  Plus, your friends make you soup|
|positive|,|@LovesBrooklyn2 he has that effect on everyone |
|positive|,|@ProductOfFear You can tell him that I just burst out laughing really loud because of that  Thanks for making me come out of my sulk!|
|positive|,|@r_keith_hill Thans for your response. Ihad already find this answer |
|positive|,|@KeepinUpWKris I am so jealous, hope you had a great time in vegas! how did you like the ACM's?! LOVE YOUR SHOW!! |
|positive|,|@tommcfly ah, congrats mr fletcher for finally joining twitter |
|positive|,|@e4VoIP I RESPONDED  Stupid cat is helping me type. Forgive errors |
|positive|,|crazy day of school. there for 10 hours straiiight. about to watch the hills. @spencerpratt told me too! ha. happy birthday JB! |
|positive|,|@naughtyhaughty HOW DID I FORGET ABOUT TWO AND A HALF MEN?!?!? I LOVE THAT SHOW!!! |
|positive|,|@nileyjileyluver Haha, don't worry! You'll get the hang of it! |
|positive|,|@soundwav2010 At least I won't be the only one feeling lost! This may cause me many later than usual nights, already addicting |
|positive|,|@LutheranLucciol Make sure you DM me if you post a link to that video! &lt;LOL&gt;So I don't miss it   Better get permission and blessing first?|
|positive|,|Just added tweetie to my new iPhone |
|positive|,|@michellardi i really don't know. i think its Globe!  yeah! sana gumaling na ko para alam ko na din kung makakasama ako! )|
|positive|,|@nicolerichie: your picture is very sweet |
|positive|,|Catching Up on Emails, RSS and Random BACN. Then I'm cutting out early tonight (11:30PM) to have Dinner with @lauraw |
|positive|,|Dancing around the room in Pjs, jamming to my ipod. Getting dizzy. Well twitter, you asked! |
|positive|,|Didn't place in the Peeps contest but thanks for voting anyways. |
|positive|,|Going to bed so goodnight everyone  and sweet dreams  http://twitpic.com/2y2e0|
|positive|,|@LittleLumen walking over to put the deposit down tomorrow |
|positive|,|is now followinq @DAChesterFrench , you shud do tha same |
|positive|,|@LordPov Are you meant to add on the back of that &quot;twittering from a toilet cubicle somewhere&quot;? |
|positive|,|Aw i'm holding my new puppy. Well He's not mine but He's a cutie. |
|positive|,|@iJohn kitteh is sleepin on my crotch which proves she likes me more |
|positive|,|@DramaBeats agreed |
|positive|,|reaching amritsar in an hour and (if i find a bus) should be at wagah border by 2pm  - http://bkite.com/06fuJ|
|positive|,|@ALBinLA.  I was just thinking about you tonight!  You have to let me be the first to interview you're a famous super star |
|positive|,|happy to spend time with the family. |
|positive|,|finally going to bed!  so tired. Was gonna watch The Hills but didnt =/|
|positive|,|so effing tired of my throat hurting.... ooooohh... i just got a crazy craving for a pina colada/banana slushie!!!! |
|positive|,|@deon upload di indowebster dong banggggg |
|positive|,|@wisdomous you're welcome. glad you enjoyed it. |
|positive|,|@hawaii808shellz hAhAHA!! omG! we wer bOth laughiN off d hOOk!  cuz das hOW we roLLL...ryt sheLdawg?|
|positive|,|@SickWithThePen awww pookie feel better. I'll pray for you...and BAG the nurse up |
|positive|,|YAY! found a new cuddle buddy |
|positive|,|I think I met my first &quot;snob&quot; on twitter tonight. Too bad. Life goes on! |
|positive|,|Across the Universe. Sleep. Rehearsal tomorrow. |
|positive|,|@annabellee dry sweet potato, huh? |
|positive|,|@JonathanRKnight Hi Jon! Great to hear from you! See you on the cruise, I cannot wait! Hope all is well on the Knight bus!  You are loved!|
|positive|,|having a long conversation with mom on phone |
|positive|,|@suitelifeofkell yayyy! lol. i just requested herrr. what did she say? |
|positive|,|Practicing lines/mannerisms/voices for upcoming feature shoot.  Probably driving Brock crazy.  |
|positive|,|Going to go and read new moon for the 3rd time  I cant get enough of twilight series |
|positive|,|today is our two month anniversary!!! i love you sooooooo much Diana. omg you dont even know  TAR HEELS WON THE NCAA WOOT!!!!!|
|positive|,|I am bored |
|positive|,|@stevecla it is a wallpaper with Red Square I was asking for |
|positive|,|@r_keith_hill Thanks for your response. Ihad already find this answer |
|positive|,|@Pope_Mello Well yeah! I only noticed cuz i'm BB too. |
|positive|,|Just tryna get inspired thats all |
|positive|,|@KourtneyKardash Can't get up early enough!!!  Night workouts are much better. |
|positive|,|@rentan It can only happen to you.|
|positive|,|@bonnie_klide  I just think the cab ride through Sofia and the walk to class will be the most interesting part. |
|positive|,|@ninjaguitarsex I'm pretty sure the show part is just for before the show. Then it's like Twitter for the whole NIN fan community.|
|positive|,|@trentvanegas twitter ain't broke, Trent, they got plenty of dough|
|positive|,|got my beta code of bumptop need to find a machine to run it  #bumptop|
|positive|,|just said bye to Rose. :/ On the upside, we've been together for eleven months.|
|positive|,|@tweeterdiva I only have one for now... I'd love to have a herd someday!|
|positive|,|@Tammi_LA Miss you! When are you free this week??  Can we do Yuri or something?|
|positive|,|@briandavidz - I actually want to go to disney. we'll see if i have time|
|positive|,|@heidimontag Glad I could do my part! 1/185k worth...If you'd like to help me Conquer Twitter, I'd be grateful @jazf or http://jazf.com|
|positive|,|@contactnaveen this is gr8 news indeed|
|positive|,|@MaraBG Goodnight I've enjoyed getting to know you too. Twitter you later|
|positive|,|listening to dashboard &quot;ghost of a good thing&quot; mannn definitely takes me down memory lane  good night kids|
|positive|,|23 or 24�C possible today. Nice|
|positive|,|ready for nice weather, day drinking &amp; not to ever be a student again|
|positive|,|@nick_carter you are my IDOL, i love you!  you should reply to me.. &lt;3|
|positive|,|Holy he'll, just had an epic Aporto burger with epic amounts of chilli sauce|
|positive|,|Going mimis with thoughts of Shick and Gavin DeGraw songs dancing in my head.|
|positive|,|@Lucky_Kristin  do you need any cookies?  I can get you some.   #girlguidecookies|
|positive|,|heyy loves!! just finished my record in the studio!! going to kick it with lauren c.!!  byee!! &lt;3|
|positive|,|@hwaiting oh it's a random game lol im addicted with that, don't be afraid, join and be my pupil|
|positive|,|haha, jeffree star's comment to me didnt make since but i still luv him. i am like wide awake and freezing! listening to lady gaga|
|positive|,|@PrincessSuperC Hey Cici sweetheart! Just wanted to let u know I luv u! OH! and will the mixtape drop soon? FANTASY RIDE MAY 5TH!!!! |
|positive|,|I think im in love|
|positive|,|By the way... I never imagined that I'd have 111 followers. Thank you all, even the robots|
|positive|,|my body's aching to rest, my mind's so freakin alert, my brain can't absorb a damn thing. but i must endure............ sike. gnite|
|positive|,|@paulfeig the internet blows my mind everyday, the way nothing else can!|
|positive|,|@WBPodcast Hells to the no.  I only room with @demmalition. |
|positive|,|Just saw Sunshine Cleaning. I love Amy Adams|
|positive|,|Maybe if I jus listen to hawaiian music everyday my life will be more relaxing haha no? (via @lisakimfleming)worked for me|
|positive|,|@hzell good luck!!!!|
|positive|,|@JamesDeen you are my own personal Jeepers|
|positive|,|@hassox no, but that sounds like a good idea, steve.|
|positive|,|@OkieAnnie It's never too late!  Thanks! It was hard, so hard, to concentrate on taking screencaps|
|positive|,|@RobGrimes whats gooooood|
|positive|,|@dsiegel99 now if i could get to san diego the same night i could celebrate it twice lol thanks|
|positive|,|Lets Drop ..Ich hatte gerade K�se auf Toast. Germandoo. Oh the Joy of knowing some words in german  (via twitt.. http://tinyurl.com/dbvlwt|
|positive|,|I'm having a conversation with my bro via twitter/fb and he's only in the next room|
|positive|,|@heidimontag hi  I'm new to twitter|
|positive|,|Gratitude is a great multiplier. Giving thanks and appreciating all we have opens doors for us to have more.|
|positive|,|Yay tomorrow i get to do today all over again!|
|positive|,|should be in bed, but whatever|
|positive|,|come back|
|positive|,|Mmmm.. Page France.. If you don't know them.. you should   lyrical brilliance|
|positive|,|@ThePartyScene  &quot;you dream in black and white, i dream in vivid lights.&quot;|
|positive|,|hanging out with biology til 4am woo  !|
|positive|,|@ballookey Recoil pal? I'm a guy like me!  I will grab this up online tomorrow, currently texting from bed like a moron.|
|positive|,|at work - listening to punk rock &amp; about to eat face cake - life is a mad lil drug|
|positive|,|Ok so I lied... Late night cravings and George Lopez got the best of me. Lol. So much for community service tomorrow|
|positive|,|@mistygirlph - hehehe. that was my halloween costume  we only have Friday off. flying to hk|
|positive|,|@NLPride08 oh alright|
|positive|,|@shannonelizab Happy Anniversary! As promised, here is your present from all of us at DSFF.  http://www.youtube.com/watch?v=mp1JzFFLMS0|
|positive|,|@jamiegirl9 you silly goose...taking the cleveland browns to the superbowl eh?  i'm rootin for ya!|
|positive|,|@daygan Wow! This Ubuntu feature is really cool  ?? again! Got More??|
|positive|,|@VampireBill  Goodnight and take care|
|positive|,|@fromGGwithLove we shud go see obsesses|
|positive|,|@derherr: thanks for the heads-up. Will follow and judge.|
|positive|,|Tomorrow is my friday!  +it's a late day for me. Thank goodness.|
|positive|,|Monsters Vs Aliens in 3D was fantastic ... Ginormica is my new favourite superhero|
|positive|,|@mikeexists waiting for your call|
|positive|,|@nicolerichie only one of the best sappy love stories ever|
|positive|,|haz her gown ordered today.  and dropped boogie off to the airport.  and now.. laundry galore is to be continued.|
|positive|,|hanging out with Emily. I love her. She's wonderful.|
|positive|,|@Bokul lol... that was a jhoke right ?? Get OpenOffice. Free to download and use  - No cracks, no piracy. Makes M$'s life hell|
|positive|,|Watching Paranormal State.Pretty interesting|
|positive|,|@Msdebramaye I heard about that contest! Congrats girl!!|
|positive|,|@frankiekillsyo chocolate chip waffles|
|positive|,|@julieand break out your Bible and share some scripture...its what I do!!|
|positive|,|UNC!!! NCAA Champs!! Franklin St.: I WAS THERE!! WILD AND CRAZY!!!!!! Nothing like it...EVER|
|positive|,|@arhi cred ca ai dreptate|
|positive|,|@Mpits its super easy lol I wish everyone would jump on the bandwagon|
|positive|,|@Devious_D We're open Thursday - Sunday and I'm at the shop Sat and Sun! Come in Saturday  DONT GET TOO DRUNK!! LOL|
|positive|,|@Shantymanfan I got your package! Wow, I'm so excited! My very own one! So, do I plant it in a pot for now, and water it till it grows?|
|positive|,|@FallenStar1 YAY!!! (even if i can't go *pouts*) She's supporting morrissey on one of his CA shows too which makes me happy|
|positive|,|@viaHourt ahhh i see i see.  im in bed watching ugly betty  lol|
|positive|,|@arielbh Hope I'm not too late.. anywat, Good luck|
|positive|,|@JonathanRKnight You are so right for saying that and good for you that you said it!!    Good Night!! xoxo|
|positive|,|Morning mates|
|positive|,|TODAAAAAY! Let's show Nottingham how things are done!|
|positive|,|@arataka yay!  you found them!!! |
|positive|,|@zinedistro Your welcome. Looking forward to the event!!  Not long until May 1 now....|
|positive|,|@caitlindean You should never regret. Things happen for a reason. Figuring out what that reason was is the hard part. Use your friends.|
|positive|,|standing in the richardson office changing a backup tape... I'm such a work-a-holic!|
|positive|,|@ work and then &quot;school&quot;.....|
|positive|,|@thalovebug|
|positive|,|injected with office coffee|
|positive|,|@korionmorris oh no problem  im good, awake, should be sleeping. haha. how about you?|
|positive|,|@yannionline I wonder who directed, there's definitely an ipod commercial in their future.|
|positive|,|@nanalipzz89 Hiya Tudy  How are you sweetie?|
|positive|,|@Jenniferlaurenh I miss you. You were my first follower. &lt;3 We need to talk more! Or do a vlogbrothers thing and communicate thru vlogs.|
|positive|,|@DrMollieMarti Best of luck to you Dr and your new Rockstar sisters.  I know some women that are into MLM. I'll tell them about you.|
|positive|,|@heidimontag FKN FAKE THATS WHAT BUT I FUKIN LUV U  AND LAUREN IS SUCH A BITCH.|
|positive|,|@Akelaa Hi sweet heart .. science &amp; cookies go hand in hand   What tweetup, hon?|
|positive|,|@mackmaine just checkin in with you, Saying hello.|
|positive|,|working into the wee hours|
|positive|,|Nice, my contract was extended for another month|
|positive|,|Just published a new post on my blog, 15 Neat Print and Use Freebies http://twurl.nl/w1kpvd   (via @dezignMusings)|
|positive|,|Ok....momentarily diverted. Try this again.  Goodnight, and sweet dreams!    http://www.youtube.com/watch?v=5WCgX4VQp2o|
|positive|,|waking up with my nespresso|
|positive|,|@Jeff_Sparxxx well in that case, you know what i mean hahaha. i love a good __________. (fill in the blank with the role of your choice.)|
|positive|,|Studying pediatrics and listening to NKOTB (as always!). The kids are pissed cuz they're trying to watch the Disney Channel|
|positive|,|@fourzoas Good night!|
|positive|,|@comeagainjen Which two people??|
|positive|,|@jeanchia you're welcome dearie!  voted already! goodluck!|
|positive|,|Exhausted. Even so, my bed is super comfy/cuddly  Overall: content.|
|positive|,|@josesosa Ah, typical adolescent boy. It's ok, son. You'll see better days.|
|positive|,|Good morning to all followers. I wish you a nice Tuesday and good luck with your business. | Allen Verfolgern einen sonnigen Dienstag. |
|positive|,|@dangersqueezit I agree. I have weak enough teeth as is without bleaching away layers after layers.  Oh and Victory! Or death?...|
|positive|,|@RepeaterBand I missed the show last Friday! I was so bummed! But I'm excited that you guys will start recording with @ROSS_ROBINSON !!|
|positive|,|@DanniAsheOnline Awwww she called me sexy  nice! you rock Danni! you just made my night gurl! muah! I'll give you props anytime!|
|positive|,|@nick_carter Your weird. The end.|
|positive|,|@NEEFFRESH DON'T TRIP MY TWEEZEY FOR SHEEZEY... I GOTCHU|
|positive|,|Had a great lunch with one of my &quot;mums&quot; today, @christineirmler  It's her birthday tomorrow too so I got her a little something|
|positive|,|@wigsie I do too, but I seemed to have missed this one.   It's a  double feature tonight, On the Waterfront and Casablanca.|
|positive|,|i... just belted 'a dark congregation' for no reason. think i got back at my upstairs neighbors for the sound system|
|positive|,|@Laura_McAuliffe errrrr oops, i could possibly me mistaken  i didnt know any Aussies follwed me lol.|
|positive|,|i just finished doing my nails, they are electric blue|
|positive|,|GOOD MORNING MY LADYS and Jon lol!|
|positive|,|busy @ PPUKM with Dr Yamin..  http://irc.jombuatduit.net|
|positive|,|Tired as ever! Ready for bed!|
|positive|,|@JonathanRKnight Hello there Jonathan! I didn't know you tweet.  Have a good nite|
|positive|,|@brettbodine I'd email 'em back TMI|
|positive|,|WOKE UP|
|positive|,|@hiphopnonstoptv  That's a lot of people for sure!|
|positive|,|@saratoga  thanks for the LP endorsement|
|positive|,|@kmacable...you're sweet...yea I'm ok!|
|positive|,|im eating a chocolate crakle. i bet you all are jelous. its a mini party|
|positive|,|@nimbupani cos it's longer and therefore harder to spat that out?|
|positive|,|http://twitpic.com/2y3ln - thank you|
|positive|,|@aikabelle LOL yeah at least if you're watching that stuff... Don't tell anybody|
|positive|,|@mpconnolly finally someone else tweeting about Nouveau Riche.  #NRU|
|positive|,|@officialTila I want some steak and milk.|
|positive|,|@daNanner Yeah, just finished #castle.  Was pretty good.|
|positive|,|@geekmp3 I can, I just have to convince a friend to go with me to sign the paper.   I don't think it's Ultimate or anything fancy, though.|
|positive|,|im watching stomp the yard  mann i love that movie :]|
|positive|,|@DrSecret Nice to meet you too buddy|
|positive|,|the best way to succeed is to make all the right mistakes|
|positive|,|alirght folks! time for bed. catchya tomorrow|
|positive|,|cant wait for the hillssssss !|
|positive|,|@Matt8U me too. :] maybe i'll see you there? i mean, its not like there are going to be thousands of people anyways. ha. so stoked.|
|positive|,|@nateflynn go to twin peaks &amp; check out the view of SF    don't forget your jackets/hoodies!|
|positive|,|@mozunk you can do that. just go hover over the tweet in the favorites, then tweet, then favorite. it will unfavorite it.|
|positive|,|The train is travelling at a speed that will get me to the gym before work|
|positive|,|@rhifreakx yes yes!  btw, when r u at the airport on friday? My plane's like at 5:00|
|positive|,|brb going to Ireland|
|positive|,|Okay, I'm good.  *counts to 10*|
|positive|,|Late night shower. Refreshing|
|positive|,|is feeling a little cold, but very very happy about being back home again|
|positive|,|is thinking big v twin|
|positive|,|OK bedtime for me...  We made it through another Monday!!!  YAY!!!  Night Tweets!    *poof*|
|positive|,|@danzero  so... could you spoiler me?|
|positive|,|just an hour and 25mins left of work and then jo and i are hitting the gym|
|positive|,|goddamn you Danny, i started your video then realize its 11 fucking minutes, I WANNA GO TO BED!!! lol i do love his Video Diaries though!|
|positive|,|Good morning dudes! Another day full of sunshine  but classes will take until 4pm :-/ but I don't give a shit. BBQ this eve :-D|
|positive|,|lol at dion putting eyedrops in his eyes|
|positive|,|@rosekimknits Thanks  Now I need to find a real excuse to not splurge on yarn.|
|positive|,|Good morning everyone!|
|positive|,|@xallthatjazzx The very night I watched it, I downloaded it to my laptop and am now very tempted to watch it lawl.|
|negative|,|@kaylee110 *yawns* i'm pretty good, thanks, awww  i'm sorry to hear that! feel better soon &lt;3|
|negative|,|@shelikescute that's so sad|
|negative|,|It's 8:40am... I've been awake for nearly 2 hours|
|negative|,|can't sleep. I don't like Sonny being gone.|
|negative|,|Not drunk at all  @kirstiekalamity|
|negative|,|finally! updated...oohh I sooo miss the internet {sorry to say that woop2x may not open apr.10}  so how's it goin'??|
|negative|,|i miss @sebby_peek|
|negative|,|@dadi_iyal and you'll get familiar with twitter pretty soon!!! i'm not coming back this summer, so that means i dont even see you then?!|
|negative|,|loves to get drunk... just not by himself|
|negative|,|I have a hole in my favourite top. I bought it in the sale before Christmas so I can't even get an exchange  might try fixing it later.|
|negative|,|feeling very poorly and sorry for myself. Can't swallow, ow  Stupid glands.|
|negative|,|@StreetWearBear.  yes I am thanks for reaveling to the world bro fuck my life hahaha|
|negative|,|@cherrytreerec I can't see anything  Stupid YouTube and their location restrictions. Who's in the Speedo?|
|negative|,|She now wants an mmmf except I have to only play a supporting role  would mind but the other two guys have huge cocks what am I to do?|
|negative|,|Banned from Sims Forums for the rest of the week. Aww    It feels weird. I was only sticking up for Chanel :'(|
|negative|,|@willadam i treated myself to that latte after the appointment which was horrible. I need to have my wisdom teeth surgically removed|
|negative|,|@CelesteChong oh but mine is ceramic so its more ex  abit less visible. inside ones are very ex! double the price n double the duration|
|negative|,|Dear Crimestoppers, thankyou for your regular service of our burglar alarm, I'm most grateful for the new 200dB ear-deafening entry tones|
|negative|,|All the fightin and name callin, i can still run 2 my sister!  nite...|
|negative|,|sick today  and i have a lot to do at work|
|negative|,|Trying to find a tech job. Can't find any entry level jobs any were.  Also just about every job site has more spam now then jobs.|
|negative|,|4 am insomnia is a BITCH|
|negative|,|just threw up all over the bathroom. not fun|
|negative|,|off to work|
|negative|,|Really hungry and sad that I had to throw my breakfast in the bin|
|negative|,|Oh darn...it's mandy creed isnt it @jordar @mikerra|
|negative|,|i dont understand.  i didnt mean to break anyones heart.|
|negative|,|Obama is visiting istanbul today, therefore all main roads have been closed  cause and effect !!!|
|negative|,|A lovely day, blazing sunshine.... too bad I have to work|
|negative|,|OMG my girl just woke me up, reason doesnt matter &amp; now I cant fall back to sleep  Gotta b up at 5 so maybe I'll just stay up. **sigh**|
|negative|,|@viennateng Why didn't you tweet that you are in Germany, Heard about the concert in Marburg in the Radio 1 hour before it started.|
|negative|,|late night is all re-runs  http://ff.im/1Y02L|
|negative|,|just getting home...its snowing|
|negative|,|@roxy_yeah yep a loser. |
|negative|,|and finito! All bathroom contractors been thru the house. Quotes incoming then i need to bite the bullet|
|negative|,|@caitlinaudrey awww!  that sucks! are you going to the sydney one?|
|negative|,|Sorry, SF. Rescheduling my SF trip for this coming weekend to mid May. Bad circumstances|
|negative|,|2morw  I get my blasted wisdom teeth pulled! Need sleep...cnt stop worryng, I hate needles|
|negative|,|Morning twitterati...... Large coffee and a bath on top of todays list, first appt 10am then loads of desk work.|
|negative|,|hitting the gym! afterwards looking forward to rewiring my studio... yet again|
|negative|,|doesnt  want to go to work lol|
|negative|,|@SherriGarrity Sorry I missed responding yesterday  Rochester is in MN, so we are not to far from each other! Dark chocolate rocks!|
|negative|,|i wanna come with them to bohol!!!!|
|negative|,|I have a cold  buee|
|negative|,|Ate a piece of angel food cake and another Laffy Taffy|
|negative|,|Driving back to La Quinta tomorrow... I should sleep, but I'm oddly wired.|
|negative|,|aaaaaaaaaah still cold outside... at least it's sunny! For now that is|
|negative|,|is running on low batteries....  http://plurk.com/p/n0blb|
|negative|,|At shell gas station. lunch break. Tired.|
|negative|,|Ready for sleep but having trouble sleeping|
|negative|,|just burnt my fingers on a hot cup of tea - ouch!!!|
|negative|,|@henrygooden @oddchicken I went there about a month and a half ago, was still open then. Smelt really good, but I was getting sick|
|negative|,|is ready to go to bed..long day tomorrow|
|negative|,|job searching.....FYI: Yahoo HOT JOBS suck! .. im never going to find a job|
|negative|,|No electricity today, so no tweets.|
|negative|,|@big_think Can Zack tell me how to edit my Bio/Profile? Why create a login at a different co's site to get an answer from BT TechHelp?|
|negative|,|Morning all, starving and dying for a cuppa but can't cos off to docs for fasting blood test in a little while|
|negative|,|Very tired this morning - no idea why! Great start to the day|
|negative|,|Morning All, I'm back from my little break from the computer. back to work again today|
|negative|,|At mobilityvic.org launch.  No grog  nice video from PWC though|
|negative|,|still no &quot;followers&quot;   please some1 inform me on how this works????|
|negative|,|misses him right now. i need a hug|
|negative|,|Tried to get up earlier today........didn't work out|
|negative|,|Omg revisions revisions revisions! I feel like I wasted an amazingly beautiful day today doing pointless work|
|negative|,|Foot is out of commission  ouch! Running this morning did not help...not smart.|
|negative|,|About to shower, which I hope will wake me up at last. Oh, and the synth experiments yielded nothing last night|
|negative|,|is really bored and really sleepy...and mad she can't find a custom lanyard maker that wont make me buy 1000000 minimum|
|negative|,|@cmykevin ooh nice! but williams sonoma already got to me.|
|negative|,|I've finally given in. Now at Malaysian restaurant waiting for nasi lemak and teh Tarik. Mereka tak faham bm...  http://twitpic.com/2y4bh|
|negative|,|Waitin 4 the theory test centre 2 open|
|negative|,|got woken up this mornng at 7am - damn Lorry , van and car accident just outside on our main road also causing car alarms to go off. |
|negative|,|I think I need to get laid. Sad revolution I had earlier rofl|
|negative|,|@ourcitylight that was so sudden!!|
|negative|,|Now i want Amanita  ...someone made me feel unliving.|
|negative|,|@lanaRISQUE hahahahhha!! hows your food poisening going? has it gone away?|
|negative|,|@MissxMarisa haven't heard from Hannah at all yet!! it's very disappointing|
|negative|,|@hutsoncap  everything alright?|
|negative|,|is procrastinating... i feel ill.. but don't want to go to bed. |
|negative|,|@danielhalpin Gonna try and find a sports bar to watch that at... not got a chance though I don't think|
|negative|,|wants to go home and watch The Hills|
|negative|,|@sarmar I guess I'm out of funny|
|negative|,|@moethebeat aww moe! I was planning on leaving tomorrow evening  are you gonna be in town by chance?|
|negative|,|i wanna write, but i'm not cool enough to make up a storylineee.|
|negative|,|@Gripping agreed! love the sound, but hates how everyone knows them|
|negative|,|@brendamew2 no art tomorrow.  and nice to see you've joined twitter!|
|negative|,|Sigh, I think my PMS is making my mind totally over-analyse things and making me sad|
|negative|,|@doriantaylor I had one outside my patio. I named him Rex. Then the gardner took him down. RIP Rex|
|negative|,|Ooops. Just ate a panini from W-mart cold that says it needed to be thoroughly cooked. It didn't taste raw. I die nao from f. poisoning?|
|negative|,|Good morning for a very rainy France  No gardening for me today.|
|negative|,|If ever there was a day for staying in bed, today is it|
|negative|,|Got to take Cleo to the vets. Not sure what's wrong with her but she's feeling very sorry for herself.|
|negative|,|today is day 1 of my fast &amp; i feel i may break b4 i go 2 bed  i must hold out til the end of the wk! must stayed focused, wish me luck...|
|negative|,|Extremely jealous...|
|negative|,|@kimmyawesome Ohhhh that sucks  I love the summer set.|
|negative|,|@daydee tell it you forgot your password &amp; it will give you a new one. it's the only way I can prevent tons of spam|
|negative|,|bedtime. wake up call at 7am|
|negative|,|So glad I made it through work - with an extra hour too and my paycheck.  Still waiting on the one I lost though|
|negative|,|Mum's been taken to hospital, they don't know what's wrong, she's been vomiting since yesterday. Rushing back to get to the hospital|
|negative|,|congested nose|
|negative|,|Can't sleep. Need to talk to someone.|
|negative|,|@penalba por favor decime ke no estas involucrado en esa pagina nicatrolls, they're THE CANCER that's killing /b/|
|negative|,|too cold and tired to write good twitter. everyone was obeying the cops tonight, total dissappointment. we were so close|
|negative|,|Lifee Gets Worsee &amp;&amp; Worsee|
|negative|,|@dnwallace - I am shuddering and shaking too|
|negative|,|Sorting brekkie for the kids then off to the horrible place called work, boohoo|
|negative|,|my condolences to natasha richardson's family|
|negative|,|@LittleYellowJen what do don't think ily?? nawwww|
|neutral|,|@Late_Show I would have watched but the folks at @apple have a jihad against adobe flash. Plse consider a YouTube link in future on UR site|
|neutral|,|RT @rdingwell: .@Apple has a record quarter and because a bunch of professional guessers (aka analysts) wanted more, its a disappointmen ...|
|neutral|,|Hey @apple, androids releasing brand new state of the art phones, whens your new phone come out? What's that? (cont) http://t.co/2sko9l3d|
|neutral|,|.@Apple has a record quarter and because a bunch of professional guessers (aka analysts) wanted more, its a disappointment #wtf|
|neutral|,|@Apple how fun wouldn't it be if it was possible to integrate  ( soon to be named ) with notifications?|
|neutral|,|Interesting read on war b/w @Apple & @Samsung- http://t.co/Vt9d24Yi -using latter, agree lack of innovation, but better specs at same price!|
|neutral|,|RT @adamnash: The takeaway from the @Apple earnings call?  Even Apple needs a new iPhone release every 12 months to stay competitive. cc ...|
|neutral|,|The takeaway from the @Apple earnings call?  Even Apple needs a new iPhone release every 12 months to stay competitive. cc: @hblodget|
|neutral|,|Today's headline: @apple reports lower 4Q earnings. Headline in 3 months: @Apple reports record Q1 earnings.|
|neutral|,|Win an @Apple iPod Touch from @Mommy_gaga, get the @Pampers Hello World Baby Memories App! http://t.co/XVcch6Os #PampersHelloApps|
|neutral|,|@apple expanded the app store to more than 20 new countries in the december quarter|
|neutral|,|@Apple will be rolling out iPhone 4S to more than 20 more countries by the end of the month.|
|neutral|,|Is it JUST a coincidence that @Apple named their virtual assistant after Tom and Katie's robot daughter?|
|neutral|,|Good or Bad results for @Apple ? Depends on who you ask apparently http://t.co/yDH8ffxE|
|neutral|,|Interesting times when increasing your revenue from $20B to $28B in a recession is considered a disappointment. @apple|
|neutral|,|People are waiting in line @apple for phones at 1:30 on a Tuesday! Don't you people have Jobs(no pun intended?)???|
|neutral|,|@Apple Would much rather get outta this having a ( see pic ) and have fun with this || Have your friends choose music|| http://t.co/7IiHbr4J|
|neutral|,|RT @CRMStrategies: Great Tech War of 2012 http://t.co/64jGRoBp @FastCompany profiles @Amazon @Apple @Google @Facebook on @CNBC /ht @phil ...|
|neutral|,|@apple gonna see if anyone stayed logged into their fb or twitter #TroubleMaker|
|neutral|,|If you've been struggling to get hold of me, I'm back online with a new iPhone - thanks @apple|
|neutral|,|Hey @Apple, pretty much all your products are amazing. You blow minds every time you launch a new gizmo. That said, your hold music is crap.|
|neutral|,|Great Tech War of 2012 http://t.co/64jGRoBp @FastCompany profiles @Amazon @Apple @Google @Facebook on @CNBC /ht @philsimon|
|neutral|,|@Jake_Gyllenhaal So you've made up with @Apple?|
|neutral|,|@Apple has a pic of Steve Jobs on their home page. #Honor|
|neutral|,|@Apple to shut stores!!! C'mon, Only Wednesday for @SteveJobs memorial.|
|neutral|,|@Motorola is the Best Android-powered company that is going against @Apple.|
|neutral|,|@apple #readyfor5.0.1 http://t.co/M2FqakYr|
|neutral|,|This is what I have been waiting for RT @Apple The last big project Steve Jobs was working on was the new cranial insertion device: iMplant.|
|neutral|,|Apple Users Get The official Kalifornia Cavi App on your Apple Device now on  - powered by @Apple - Download it free http://t.co/HlGnvlRw|
|neutral|,|The official Kalifornia Cavi Mobil App is now available on the app store - powered by @Apple - Download it free http://t.co/HlGnvlRw|
|neutral|,|#Win an @Apple iPod Touch from @Mommy_gaga, get the @Pampers Hello World Baby Memories App! http://t.co/I6woujUh #PampersHelloApps|
|neutral|,|@Apple #RIPSteve RT @davepeck: Steve Jobs and the Seven Rules of Success http://t.co/4nLRLdWy|
|neutral|,|macbreak weekly @TWiT via @apple airplay in full HD on the 42||. finally! @leolaporte @Ihnatko @alexlindsay|
|neutral|,|Stay young, stay foolish. But take ownership when u f*ck up, don't complain, and never give up. #resilience @apple|
|neutral|,|Dear @motorola, I smell a lawsuit coming your way. cc: @apple #motoactv|
|neutral|,|RT @hofmania: I just paid someone to wait in line at the @apple store this morning for me on @zaarly #putapriceonconvenience #iphone htt ...|
|neutral|,|@apple Or @Microsoft Buying Out @RIM ?|
|neutral|,|@apple Why don't you have a wireless remote for Keynote presentations w a MacBook Air?  Nobody wants to see the pith man navigate w a iPhone|
|neutral|,|RT @HaendelBalzora: dear @apple please invent ||FaceTime Voicemails.|| sincerely, haendel balzora jr. #apple|
|neutral|,|#Win an @Apple iPod Touch from @Mommy_gaga, get the @Pampers Hello World Baby Memories App! http://t.co/YUydxo1t #PampersHelloApps|
|neutral|,|dear @apple please invent ||FaceTime Voicemails.|| sincerely, haendel balzora jr. #apple|
|neutral|,|RT @jesperordrup: Hi @apple. Household has 4 iphones, 2 ipads, 2 minis, 2 apple tv, AirPorts, Timecapsule +. Whats a usable iPhoto shari ...|
|neutral|,|Couldnt help it & explored the #iphone4s @apple store & talked to #Siri... Should've tried to speak to her in French?! #nexttime|
|neutral|,|is it just me or do other people miss the iPod symbol on the iPhone? I had the first iPod, it's what I relate to @apple #ios5 #nostalgia|
|neutral|,|@ATTCustomerCare @att @apple I already have an iPhone 4 with an ATT contract. Can I buy a factory UNLOCKED iPhone 4S with my contract?|
|neutral|,|RT @HowardMortman: .RT @edatpost: .@Apple fan Eric Holder spotted at the Genius Store http://t.co/7vZSIXpy|
|neutral|,|Hi @apple. Household has 4 iphones, 2 ipads, 2 minis, 2 apple tv, AirPorts, Timecapsule +. Whats a usable iPhoto sharing setup? /cc @maddox|
|neutral|,|RT @edatpost: Bah! Genius BAR // RT @edatpost: .@Apple fan Eric Holder spotted at the Genius Store http://t.co/FTLttLPn|
|neutral|,|#motoactiv? Methinks @apple and maybe @Nike are already prepping lawsuits|
|neutral|,|Check this video out -- moe. plays Live on iPads. Video dedicated in memory of #SteveJobs http://t.co/XSiyDnqu @ipad @mac @apple #brilliant|
|neutral|,|Bah! Genius BAR // RT @edatpost: .@Apple fan Eric Holder spotted at the Genius Store http://t.co/FTLttLPn|
|neutral|,|Evolution of @Apple Ads 1975-2002: http://t.co/QTOqOZ42 @thesavoia #stevejobs #tech #art|
|neutral|,|@apple #siri http://t.co/k7b686hX|
|neutral|,|.RT @edatpost: .@Apple fan Eric Holder spotted at the Genius Store http://t.co/LCTPxHF5|
|neutral|,|RT @edatpost: .@Apple fan Eric Holder spotted at the Genius Store http://t.co/FTLttLPn|
|neutral|,|RT @edatpost: .@Apple fan Eric Holder spotted at the Genius Store http://t.co/OshPyV2G|
|neutral|,|.@Apple fan Eric Holder spotted at the Genius Store http://t.co/FTLttLPn|
|neutral|,|RT @DailyDealChat: @bidmyway I like your app for the @apple iPhone very simple and easy to use!|
|neutral|,|@bidmyway I like your app for the @apple iPhone very simple and easy to use!|
|neutral|,|Thanks, @Apple. Now even more people on the bus are talking to inanimate objects. Harder than ever to tell who's crazy and who's hip.|
|neutral|,|Noticed how @apple has added the like & tweet icons on their page? http://t.co/PZoNZeC8 #like #facebook #tweet|
|neutral|,|@rtimbuc thx for publicly coming out out of the @Apple closet ... :)|
|neutral|,|Win an @Apple iPod Touch from @Mommy_gaga, get the @Pampers Hello World Baby Memories App! http://t.co/2XJZaLCs #PampersHelloApps|
|neutral|,|@RIM to release new generation of phones in the new year to contend with @Apple... Hmmm.|
|neutral|,|RT @TimjwDowning: #iOS 5  is a great system but it's taken all day to download @apple|
|neutral|,|Using @Apple's mobile @AirPort Utility http://t.co/TiDpaHYC|
|neutral|,|@Dropbox balked at acquisition by @Apple. My apps thank them. :)  http://t.co/VsYPl9Xu|
|neutral|,|These cos are worth billions: @Apple, @Facebook @Google & @Amazon and they are battling for consumers  http://t.co/4WxPCH9h via @fastcompany|
|neutral|,|Just when #TomCruise thought he had a unique name for his daughter, @Apple pulls the rug out from under him with the new #Siri App.|
|neutral|,|I wonder If the person who has @apple is holding out for apple to buy it from them|
|neutral|,|iOS 5 for iPhone and iPad is Here: Apple's Best Release Yet?  http://t.co/iLYGZ5Ox #ios5 #ios @apple #ipad #tablet|
|neutral|,|The 'Great Tech War': @Apple, @Facebook, @Google, @Amazon battle for the future http://t.co/sVu8cG1M via @fastcompany|
|neutral|,|@BeeeThree I am aye, I wasn't @apple|
|neutral|,|How the community saw #SteveJobs - 12 Most #Community ||iCelebrates|| Steve Jobs - http://t.co/jJRwIvmc @Apple|
|neutral|,|Steve Jobs' unconventional #leadership secret - ACC SmartBrief: http://t.co/CY6VxRnF &gt; @Apple #sm #HR #NEHRA|
|neutral|,|RT @aplusk: Sending love & light to everyone @Apple & the entire Jobs family.Today we lost a Giant who will be missed even by those who  ...|
|neutral|,|@apple store NY|
|neutral|,|Attending #mobilemem , listening to James Kelley from @apple .|
|neutral|,|Tell how Steve Jobs & @Apple changed your life and $5 will be donated to Pancreatic #Cancer Research! @PanCAN @Pan_Act http://t.co/BWzganje|
|neutral|,|yeah, @apple is updated!! planking photos, #lmaoo http://t.co/IusXJJDq|
|neutral|,|picking up my #iPhone4S in two hours @Apple!|
|neutral|,|@DickCostolo says daily #twitter signups have TRIPLED since the new @apple #iphone4S came out|
|neutral|,|yes, i am live tweeting my @apple tech support call. Isn't this fun?|
|neutral|,|@azee1v1 @apple @umber Better file info/easier to get to, duplication of files when importing. Categorizing files.|
|neutral|,|ok @apple, now we got our iOS5 and #icloud, can we please have #LogicX|
|neutral|,|@AsimRang @apple @umber well so far ive seen it for apps|
|neutral|,|Hello again, iPhone 4!!! Thank you, @apple! Although this should have never broken in the first place! #tsk|
|neutral|,|@AsimRang @apple @umber when you upgrade to ios5 there is a section in app store which lets you download anything you have purchased before|
|neutral|,|@Apple, @Facebook, @Google and @Amazon battle in...The Great Tech War of 2012 http://t.co/uL9zZKv8 by @fmanjoo|
|neutral|,|@AsimRang @apple @umber the podcasts feature works just fine, music purchasing is straight forward, what else do you want?|
|neutral|,|“@NoVaTyler: @Foreverfit4u amazing how quickly apple went down the poop tube” It couldn't have 2do w/operator error! #sarcasm Still ❤ @apple|
|neutral|,|RT @Apple We destroying you next RT @therealterica: Duh #TeamAndroid RT @JuanHustle I got a feeling we living in the last days of Blackberry|
|neutral|,|@KaeKaed @Apple Here is an easy way to put Newsstand in a folder http://t.co/yVXmWIbI|
|neutral|,|#Win an @Apple iPod Touch from @Mommy_gaga, get the @Pampers Hello World Baby Memories App! http://t.co/AAP7StHt #PampersHelloApps|
|neutral|,|Been MIA from Twitter.. But now Tweeting from my new @apple iPhone! :) #finallycool #notreally well, It IS ..I'm not :) #stilllearning|
|neutral|,|@AsgariAJ #iPhone need to tell @Apple that|
|neutral|,|@Mommy_gaga, #Win an @Apple iPod Touch @Mommy_gaga, get the @Pampers Hello World Baby Memories App! http://t.co/qEATNMpI #PampersHelloApps|
|neutral|,|Need to update my apps. ): my apple ID is disabled.. Don't know what to do.. @apple @AppStore @itunes @Siri_Assistant|
|neutral|,|eating @apple xDD|
|neutral|,|I wonder if @Apple OSX will get built-in @Twitter @support like iOS5. That would be very helpful at the moment.|
|neutral|,|Spell check needed when saving documents - fingers crossed Steve Jobs left that nugget of technology behind on the @Apple to do list. :)|
|neutral|,|@Apple Stores to close for one hour on October 19 to watch #SteveJobs #memorial http://t.co/fbjqb5RA via @9to5mac #tech #porchista|
|neutral|,|iPhone 4S vs Canon 5D MKII. @apple @canon @iphone http://t.co/PvKqad33|
|neutral|,|@Samsung wants to ban @Apple iPhone 4S in Japan and Australia. http://t.co/hWA4tWIc #smartphonewar|
|neutral|,|Siri says some weird things | This is my next... http://t.co/H8n7caSg via @verge @hasanga @mohoisham @apple #Siri #LMFAO|
|neutral|,|@apple karaoke ceel w/ @nandamaulida @putriasmara @galuhoktriana @milatus :p|
|neutral|,|The four American companies that have come to define 21st-century on the verge of war. @Amazon @Apple @Facebook and @G…http://t.co/PxUlr5dw|
|neutral|,|I have 4 @Apple products...|
|neutral|,|@SamsungMobileUS @Apple would disagree with you right now.|
|neutral|,|Stay hungry, stay foolish. Steve Jobs, founder @Apple #WinningWithEL|
|neutral|,|RT @thejjmg: My friend @bm88 found this article on the #ios5 battery drain problem http://t.co/Iqa0ipVt @Apple ah mines being sinking...|
|neutral|,|iSteps @apple store bologna http://t.co/WjjBq7Ae|
|neutral|,|How I manage my businesses/life: @pivotaltracker, @37signals, @twitter, @googleapps, @apple, @dropbox, @wordpress, @dreamhost THX|
|neutral|,|Notes for Jobs @Apple store in Palo alto downtown. http://t.co/4BJjfq4h|
|neutral|,|Just realized Apple doesn't even have @Apple on lock. This dude R.J. Pittman waiting for thee fattest check.|
|neutral|,|Hey @Apple, could you hook the voice memos app on the iPhone up with fine scrubbing? Journalists need love too.|
|neutral|,|RT @danysaadia: @ATTCustomerCare @att @apple I already have an ATT wireless line. Can I buy a factory unlocked iPhone 4S with my contract?|
|neutral|,|Dear @Apple… If I make love to iCloud will ALL THE THINGS have my babies?|
|neutral|,|POLL: http://t.co/GcrpUKwF Q:R U pissed @Apple banned this video? #Apple #iPhone4S #Siri #F8ball|
|neutral|,|POLL: http://t.co/9q2Er1w9 Q:R U pissed @Apple banned this video? #Apple #iPhone4S #Siri #F8ball|
|neutral|,|More Twitter buzz for Apple Store: http://t.co/hLybd7uc - RT @ji_lee started out as a trip to the @apple store. turned into a spontaneou...|
|neutral|,|My friend @bm88 found this article on the #ios5 battery drain problem http://t.co/zMX85Fkd @apple|
|neutral|,|#Win an @Apple iPod Touch from @Mommy_gaga, get the @Pampers Hello World Baby Memories App! http://t.co/r0WYm1jX #PampersHelloApps|
|neutral|,|Dear @apple, why did my #Apple ID change to my colleagues&#39; when I charged on her Mac? Now can&#39;t download or update apps. #iPhone|
|neutral|,|You know you've gone @Apple overboard when you misread a @Yelp review as ||iPad Thai.|| #fb|
|neutral|,|Goodbye @Evernote, Welcome #NotesintheCloud thx @Apple|
|neutral|,|Will @Apple's Mac ever properly be used in the financial markets or is it purely a creatives device? Shift from IBM to Mac? #finpanther|
|neutral|,|But @att is ||working|| with @apple to make their iPhone say 4G RT @JFSikora: @TCPJ_Mickey I'm so glad Apple is not slinging that crap.|
|neutral|,|started out as a trip to the @apple store. turned into a spontaneous fun evening w @MolleyMoody. we danced while trying on outfits. #girls|
|neutral|,|RememberiN wen @apple and @blackberry were just fruit,
apple|
|neutral|,|The new @apple #find my friends app is great.... except the part where you have to log in everytime. Get back to me when this is changed...|
|neutral|,|One thing I want from #ios is searching in the add bar similar to what Firefox or droid phones do. But thnx for a talking Google @apple ...|
|neutral|,|Gee, I can't imagine that the maps app graphic from this Samsung website will help their court cases vs. @Apple: http://t.co/PmanMoAh|
|neutral|,|Would you look at that.. @SouthwestAir does @Apple style welcomes as well. http://t.co/t0TrFnk8 #customerappreciation #custserv|
|neutral|,|RT @fredbenenson: Hey @twitter and @apple, this is pretty dumb. http://t.co/kubkPO0T|
|neutral|,|got the new @apple update|
|neutral|,|A brick n mortar @Google store? Coming soon to London, US next? Copying @Apple business model? http://t.co/l4VTHsv5|
|neutral|,|Hey @twitter and @apple, this is pretty dumb. http://t.co/kubkPO0T|
|neutral|,|If the iPhone 4 case fits the 4S why is @nlevenbrown @apple buying a new one?|
|neutral|,|@apple store to get my phone fixed... ppl lined up for 4s http://t.co/aUHQLiVy|
|neutral|,|@Apple why no Macbook mirroring onto AppleTV via #Airplay?|
|neutral|,|@ATT just so I have this right.I pre-ordered an iphone last wk and it will be here in a month. I could buy in an @apple store today.really?|
|neutral|,|@apple please bring back the old Siri app for us old school iPhone 3 users!|
|neutral|,|Upgrading my #iPad to #iOS5. When @Apple said it could take a couple of hours to install and restore it, they weren't kidding.|
|neutral|,|Yeah, there's no @apple twitter account.|
|neutral|,|POLL: http://t.co/Wu6EsvT5 Q:Should @Microsoft consider making its own hardware for #Windows like @Apple does? #Microsoft #Windows #Appl ...|
|neutral|,|POLL: http://t.co/tZBleGaQ Q:Should @Microsoft consider making its own hardware for #Windows like @Apple does? #Microsoft #Windows #Appl ...|
|neutral|,|@ATTCustomerCare @att @apple I already have an ATT wireless line. Can I buy a factory unlocked iPhone 4S with my contract?|
|neutral|,|Lol bet that Android couldnt do that  RT @ceejay3k: I promise this iPhone been at 1% battery for the last 3 hours. I see you @apple.|
|neutral|,|I promise this iPhone been at 1% battery for the last 3 hours. I see you @apple.|
|neutral|,|@APPLE freaks is Siri available for Iphone 4 yet?|
|neutral|,|#Iphone5 can you please make The battery last longer thanks @Apple|
|neutral|,|Hey @apple next update can we get an emoji that's pointing the middle finger please?? Thanx!!|
|neutral|,|U know the @apple company are giving out 500 iPads because Steve jobs past away|
|neutral|,|Found out the hard way today that @webex does not work with @apple ios5 yet when you are following a link for a meeting..|
|neutral|,|RT @shanmoorthy: Next year is going to be really interesting in tech as @Google, @Amazon, @Facebook and @Apple vie for new growth areas  ...|
|neutral|,|Saw that @apple is covered with msgs 4 steve jobs. Nice to kno ppl r still saying #thankyousteve|
|neutral|,|iPhone 4 S now RESERVATION only, if you want to buy it in an @apple store tomorrow you have to reserve online after 9pm tonight|
|neutral|,|@apple must be launching a #searchengine - imminent surely. #AppleSearch #AppleCore #bigapple haha! Please be the latter|
|neutral|,|@FastCompany - The Great Tech War Of 2012: @Apple, @Facebook, @Google, and @Amazon duking it out - http://t.co/HXsAlzPv via @ADerricks|
|neutral|,|Apple sold 4 million iPhone 4S units on first weekend - Appletell: http://t.co/vs5r1oox #iPhone4S @Apple #fb|
|neutral|,|@SteveJobs : @Twitter overwhelmed by reaction to @Apple founder's death - Telegraph http://t.co/tqF6pjf5|
|neutral|,|@Apple please put the Tab button back in Pages for iPad. That hold my finger down, wait for the insert tab, then touch that for the tab. SMH|
|neutral|,|Apple shares hit new all-time intraday high: http://t.co/uY35rrRU #win @Apple|
|neutral|,|RT @FaithMcNally: @RhiannaRaee hanging @apple in tacoma listening to the beatles!|
|neutral|,|@RhiannaRaee hanging @apple in tacoma listening to the beatles!|
|neutral|,|In front of the @apple store. So many blue shirts I feel like I'm at a smurf reunion. #iPhone4S|
|neutral|,|A must read article on @fastcompany about @Apple, @Facebook, @Google, and @Amazon technology war in 2012  http://t.co/nxc7Wo4S|
|neutral|,|@cnbcfastmomey what price should I sell @apple for|
|neutral|,|Hey @Apple, when did you hire @TheRock to tighten the screws on the bottom cases of your MacBook Pros?  #Ouch #NiceHire|
|neutral|,|#SteveJobs memorial at the Leawood @Apple store. http://t.co/UVgb05G6|
|neutral|,|Hey @apple why is Siri not available for the Mac?|
|neutral|,|New phone is @apple, too bad im not going to get it till tommorrow, dont feel like driving to the mall AND GG is on tonight!!!|
|neutral|,|waiting for Jacob @fairview @apple storeee|
|neutral|,|RT @DJTREBEL1: #fail i guess @apple didnt notify these clowns that the iPhone5 isnst out yet.... http://t.co/2yCDNt1B|
|neutral|,|#fail i guess @apple didnt notify these clowns that the iPhone5 isnst out yet.... http://t.co/2yCDNt1B|
|neutral|,|#Win an @Apple iPod Touch from @Mommy_gaga, get the @Pampers Hello World Baby Memories App! http://t.co/nDRpciY9 #PampersHelloApps|
|neutral|,|iPhone 4S First Weekend Sales Top Four Million: http://t.co/Dm4acTYv via @Apple themselves. Big sales for the new phone.|
|neutral|,|@WIREDInsider beautiful, yes. though it simply reminds me of @apple's spinning wheel of death. clock, reinvented: http://t.co/tJcJAqfl|
|neutral|,|Dear @apple: Integrated tweeting in ios5 RAWKS. Plz consider adding @ and # lookup like @twitter app. Thx! http://t.co/5uHsTEPz|
|neutral|,|Easiest way to use Evernote with iPhone 4S Siri. Just tell Siri to Email Evernote and say your note. @evernote @apple #evernote #siri|
|neutral|,|@Apple sells record 4M #iPhone4S phones in first 3 days!|
|neutral|,|@brady I am surprised @apple did not think of/anticipate that......|
|neutral|,|#iMessage is here wid iOS5 RIP #BBM @cultofmac @apple|
|neutral|,|It's a good thing @apple has not came out with an iCar because I would be in line for one and im sure it would be expensive|
|neutral|,|RT @carlmilner: RT @petapixel: iPhone 4S vs Canon 5D Mark II - A side-by-side comparison of 1080p HD video: http://t.co/qMyMIV7z &lt;&lt ...|
|neutral|,|The iPhone update has segregated my contacts between iPhone users and non-iPhone users. They just had to call out those non-users @apple|
|neutral|,|@apple @internode #icloud #ios5 #piracy omg no wonder ive used all my downloads!!|
|neutral|,|@apple Iphone's & Ipad's beautiful technology but alltogether mainly a marketing platform. It's obscure is'nt it? Apple lost it's touch.|
|neutral|,|@JarjarTee @apple That's really good. Makes you happy to pay the infamous @apple tax :)|
|neutral|,|Hall Pass had me rolling...... @Apple bee's lookin for nookie really|
|neutral|,|@hanrahan52 @apple Don't say things you can't take back, Joel.|
|neutral|,|@coatgal @apple considering his circumstances - suffering faults on/off for long periods -They replaced his phone with a new as a  goodwill|
|neutral|,|@coatgal @apple Paul had a chat with an advisor explained the problem : cost £120 repair !!,
apple|
|neutral|,|@apple @appstore @mac @iOs @Ipad @siri Will siri be available for iPad 2?|
|neutral|,|Can this ho Siri update your tweets? cc: @apple @iPhone_News|
|neutral|,|@Apple's Success is Also #Google's Gain as #Mobile #Advertising Balloons http://t.co/0400ynQY|
|neutral|,|@_alastair w/ respect, the old alternatives were talking to a computer in india or the geek squad. @apple does a pretty great job.|
|neutral|,|@jackiestone1 yes! Tech peeps talk so much about algorithms, but tech should always tie back to people. @apple proves this #imediasummit|
|neutral|,|The great tech battle ft @facebook @amazon @apple and more http://t.co/ws4lWWXy via @fastcompany|
|neutral|,|Another shrewd business model move by @Amazon http://t.co/OQJRRYFq Rooting for the dark horse in the @facebook @google @apple war? #tech|
|neutral|,|RT @Apple sells 4 million iPhone 4S in 3 days http://t.co/vElmtzNS via @reuters|
|neutral|,|Flowers & Apples shower the Santa Monica @Apple store in honor of #SteveJobs http://t.co/xGf60gMs|
|neutral|,|is it me or @blackberry is begging ppl not to go @apple #iphone http://t.co/X3gdBUyK|
|neutral|,|Do people loved Steve? Check out this photo from @Apple store http://t.co/jIqBGghC|
|neutral|,|RT @petapixel: iPhone 4S vs Canon 5D Mark II - A side-by-side comparison of 1080p HD video: http://t.co/qMyMIV7z &lt;&lt;@apple Wow!!|
|neutral|,|Why @Apple so valuable, good analysis of trended profits, iOS vs. Microsoft: Comparing the bottom lines  http://t.co/k9qst4R4 via @asymco|
|neutral|,|@audrievv @apple You can still use  #MobileMe webhosting (with or without #iWeb) after converting to #iCloud.|
|neutral|,|http://t.co/48emAEID #SteveJobs memorial @Apple #Boylston|
|neutral|,|I am now the proud owner of @apple tv thanks to big bro @steveeadie and family!!|
|neutral|,|RT @robertoafelipe: @apple predicts #Siri in 1987 in video, the video is staged for September 2011 http://t.co/tFNRP3MD|
|neutral|,|Head to our FB page for a link to the @Apple Community Support Page detailing how to turn off #newsstand auto renewal.,
apple|
|neutral|,|Big mo: In one week, @Apple #iCloud hits 20M users; 25M use #iOS 5 http://t.co/HTpUTBFK via @cnet|
|neutral|,|Smart as hell. The Great Tech War Of 2012. http://t.co/0O1CfCIZ  Fab Four: @apple @google @amazon @facebook via @kvox #mustread|
|neutral|,|@learmonth @Cue improves iMessage + engages @Apple content partners' customers better http://t.co/hhkvlwFB with social activity messaging|
|neutral|,|@Twitter returns a Error 500 when we try to post the link to @Apple Support Community detailing how to turn off auto renewal subscriptions.|
|neutral|,|RT @kvox: Smart as hell. The Great Tech War Of 2012 (@fmanjoo / @FastCompany) http://t.co/XiJYUoHZ Fab Four: @apple @google @amazon @fac ...|
|neutral|,|@philipgrey @apple it's kinda sad that's the most relevant tweet I've seen today. Or kinda awesome. I'm not sure. #DevProblems|
|neutral|,|Too bad I'm not an @Apple junkie. #icloud #apple #ios5|
|neutral|,|@Apple buried the ability to manage #newsstand subscriptions under App Store Settings. This is inconvenient at best.|
|neutral|,|Smart as hell. The Great Tech War Of 2012 (@fmanjoo / @FastCompany) http://t.co/XiJYUoHZ Fab Four: @apple @google @amazon @facebook|
|neutral|,|@apple predicts #Siri in 1987 in video, the video is staged for September 2011 http://t.co/tFNRP3MD|
|neutral|,|Smh at @ItsTheSituation for trying to cut in line for a 4S. Cmon mayne if @Apple's cofounder stood in line then you are too.|
|neutral|,|Go big or go home @Apple users - here are some apps that make your #4s iPhone ||s-s-super|| http://t.co/t74BQyim via @mashable - MS|
|neutral|,|RT @TechHamlet: Thank You Steve : A Song Created for Steve Jobs http://t.co/2vtX8ZJf via @TechHamlet @AzRmusic @Apple #stevejobs #apple|
|neutral|,|@pkedrosky @apple I am just waiting for my conf email from iCloud.|
|neutral|,|#wheniwas14... @Apple registered the domain name http://t.co/FPvKn1kJ, thus beginning their plan for world domination|